<manifest><control namespace="MscrmControls.OptionSet" constructor="OptionSetControl" version="1.0.2" display-name-key="CC_OptionSet_Name" description-key="CC_OptionSet_Desc" preview-image="img/preview.png"><modes><read /><edit /></modes><property name="value" display-name-key="CC_Field" description-key="CC_Field_Desc" of-type="OptionSet" usage="bound" required="true" hidden="true" /><AvailableOn><web classic="disable" /><phone /><tablet /></AvailableOn><resources><library name="jquery" version="&gt;=2" order="1"><packaged_library path="libs/jquery-2.1.1.js" version="2.1.1" /></library><library name="jqm-init" version="&gt;=1" order="2"><packaged_library path="libs/jquerymobile.init.js" version="1.0.0" /></library><library name="jqm-optionset" version="&gt;=1.10" order="3"><packaged_library path="libs/jquery.mobile.optionset.js" version="1.4.2" /></library><library name="mscommon" version="&gt;=1" order="4"><packaged_library path="libs/mscommonlib-1.0.0.js" version="1.2.1" /></library><code path="OptionSetControl.js" order="5" /><css path="css/jquery.mobile.optionset.structure.css" order="6" /><css path="css/jquery.mobile.optionset.theme.css" order="7" /><css path="css/jquery.mobile.optionset.custom.css" order="8" /><resx path="strings/OptionSetControl.1033.resx" version="1.0.0" /></resources></control></manifest>