<manifest><control namespace="MscrmControls.ImportExport" constructor="ImportLogDataSetControl" version="1.0.200" display-name-key="ImportLogDataSetControl" control-type="virtual" hidden="true"><modes></modes><data-set name="ImportLogDataSet" display-name-key="cc_LogDataSet"></data-set><data-set name="ImportLogPartialFailureDataSet" display-name-key="cc_PartialFailureDataSet"></data-set><property name="resultType" display-name-key="CC_result_Type" description-key="CC_result_Type_Desc" of-type="Decimal" usage="input" required="false" hidden="false" /><property name="targetEntityPrimaryIdAttributeName" display-name-key="CC_targetEntityPrimaryIdAttributeName" description-key="CC_targetEntityPrimaryIdAttributeName_desc" usage="input" of-type="SingleLine.Text" required="true" hidden="false" /><resources><library name="jquery" version="&gt;=2" order="1"><packaged_library path="libs/jquery-2.1.1.js" version="2.1.1" /></library><library name="mscommon" version="&gt;=1" order="2"><packaged_library path="libs/mscommonlib-1.0.0.js" version="1.2.1" /></library><code path="ImportLogDataSetControl.js" order="3" /></resources></control></manifest>