<manifest><control namespace="MscrmControls.StatusLabel" constructor="StatusLabelControl" version="1.0.0" display-name-key="CC_StatusLabelControl_Name" control-type="virtual" hidden="true"><modes></modes><property name="LabelText" display-name-key="CC_LabelText" description-key="CC_LabelText_desc" usage="bound" of-type="SingleLine.Text" required="true" hidden="true" /><property name="LabelIcon" display-name-key="CC_LabelIcon" description-key="CC_LabelIcon_desc" usage="bound" of-type="SingleLine.Text" required="true" hidden="true" /><resources><code path="StatusLabelControl.js" order="1" /></resources></control></manifest>