<manifest><control namespace="MscrmControls.AppCommon.FormCustomizer" constructor="FormCustomizerControl" version="1.0.0" display-name-key="CC_AppCommon_FormCustomizer" control-type="virtual"><modes></modes><resources><library name="jquery" version="&gt;=2" order="1"><packaged_library path="libs/jquery-2.1.1.js" version="2.1.1" /></library><library name="smbappmoduleappconfig" version="&gt;=1" order="2"><packaged_library path="libs/smbappmoduleappconfig-lib.js" version="1.0.0" /></library><library name="FREShell" version="&gt;=1" order="3"><packaged_library path="libs/FREShell.js" version="1.0.0" /></library><library name="FRECommon" version="&gt;=1" order="4"><packaged_library path="libs/frecommon-lib.js" version="1.0.0" /></library><css path="css/FormCustomizer.css" order="6" /><code path="FormCustomizer.js" order="7" /><resx path="locale/formcustomizer.1033.resx" version="1.0.0" /></resources></control></manifest>