<manifest><control namespace="MscrmControls.AppCommon.MailboxAlerts" constructor="MailboxAlerts" version="1.0.0" display-name-key="CC_AppCommon_Display_Mailbox_Alerts" control-type="virtual"><modes></modes><type-group name="all"><type>SingleLine.Text</type></type-group><property name="mailboxId" display-name-key="CC_mailbox_id" description-key="CC_mailbox_id_description" of-type-group="all" usage="input" required="true" hidden="true" /><resources><library name="jquery" version="&gt;=2" order="1"><packaged_library path="libs/jquery-2.1.1.js" version="2.1.1" /></library><code path="MailboxAlerts.js" order="11" /><resx path="locale/mailbox.1033.resx" version="1.0.0" /></resources></control></manifest>