<manifest><control namespace="MscrmControls.Calendar" constructor="CalendarControl" version="1.2.9" display-name-key="CC_Calendar_Name" description-key="CC_Calendar_Desc" preview-image="img/preview.png"><modes><read /><edit /></modes><type-group name="Dates"><type>DateAndTime.DateAndTime</type><type>DateAndTime.DateOnly</type></type-group><type-group name="AllTypes"><type>Whole.None</type><type>Whole.Duration</type><type>Whole.TimeZone</type><type>Whole.Language</type><type>TwoOptions</type><type>DateAndTime.DateOnly</type><type>DateAndTime.DateAndTime</type><type>Decimal</type><type>Enum</type><type>FP</type><type>Lookup.Simple</type><type>Lookup.Customer</type><type>Lookup.Owner</type><type>Lookup.PartyList</type><type>Lookup.Regarding</type><type>Multiple</type><type>Currency</type><type>OptionSet</type><type>SingleLine.Email</type><type>SingleLine.Text</type><type>SingleLine.TextArea</type><type>SingleLine.URL</type><type>SingleLine.Ticker</type><type>SingleLine.Phone</type></type-group><AvailableOn><web classic="disable" /><phone /><tablet /></AvailableOn><!--
			IMPORTANT: 
			Any change to the manifest may need to be reflected in:

			1) out-of-box customization at ClientBuildTasks. 
				a. Update \src\client\public\ext\src\ClientBuildTasks\CustomContolsSolution\CustomControlsDefaultConfigManager.cs and related
				b. Rebuild and update Crm.ClientBuildTasks nuget package
			2) solution export script for downgrade compatibility
				a. Update \src\Core\ObjectModel\ImportExportPublish\ExportAs\CustomControls\CalendarControlExportAsHandler.cs
		--><data-set name="Calendar" display-name-key="CC_Calendar_DSCalendar"><property-set name="StartDate" required="true" display-name-key="CC_Calendar_StartDate" description-key="CC_Calendar_StartDate_Desc" usage="bound" of-type-group="Dates" /><property-set name="Description" required="true" display-name-key="CC_Calendar_Description" description-key="CC_Calendar_Description_Desc" usage="bound" of-type-group="AllTypes" /><property-set name="EndDate" required="false" display-name-key="CC_Calendar_EndDate" description-key="CC_Calendar_EndDate_Desc" usage="bound" of-type-group="Dates" /><property-set name="Duration" required="false" display-name-key="CC_Calendar_Duration" description-key="CC_Calendar_Duration_Desc" usage="bound" of-type="Whole.Duration" /><property-set name="Color" required="false" display-name-key="CC_AdvancedCalendar_Color" description-key="CC_AdvancedCalendar_Color_Desc" usage="bound" of-type="OptionSet" /></data-set><property name="DisplayMode" display-name-key="CC_AdvancedCalendar_DisplayMode" description-key="CC_AdvancedCalendar_DisplayMode_Desc" usage="input" of-type="Enum" required="false" hidden="false"><value name="StackedWithoutTimeline" display-name-key="CC_AdvancedCalendar_StackedWithoutTimeline" description-key="CC_AdvancedCalendar_StackedWithoutTimeline_Desc">stackedwithouttimeline</value><value name="AnchoredWithHoursOfTheDayTimeline" display-name-key="CC_AdvancedCalendar_AnchoredWithHoursOfTheDayTimeline" description-key="CC_AdvancedCalendar_AnchoredWithHoursOfTheDayTimeline_Desc" default="true">anchoredwithhoursofthedaytimeline</value><value name="StackedWithDurationTimeline" display-name-key="CC_AdvancedCalendar_StackedWithDurationTimeline" description-key="CC_AdvancedCalendar_StackedWithDurationTimeline_Desc">stackedwithdurationtimeline</value></property><property name="MinimumDuration" display-name-key="CC_AdvancedCalendar_MinimumDuration" description-key="CC_AdvancedCalendar_MinimumDuration_Desc" usage="input" of-type="Whole.Duration" required="false" hidden="false" default-value="30" /><property name="ExtraDescriptionFormat" display-name-key="CC_AdvancedCalendar_ExtraDescriptionFormat" description-key="CC_AdvancedCalendar_ExtraDescriptionFormat_Desc" usage="input" of-type="SingleLine.Text" required="false" hidden="false" /><property name="ColorFallbackBehavior" display-name-key="CC_AdvancedCalendar_ColorFallbackBehavior" description-key="CC_AdvancedCalendar_ColorFallbackBehavior_Desc" usage="input" of-type="Enum" required="false" hidden="false"><value name="ColorFromEntity" display-name-key="CC_AdvancedCalendar_ColorFromEntity" description-key="CC_AdvancedCalendar_ColorFromEntity_Desc" default="true">colorfromentity</value><value name="ColorFromFirstOptionSet" display-name-key="CC_AdvancedCalendar_ColorFromFirstOptionSet" description-key="CC_AdvancedCalendar_ColorFromFirstOptionSet_Desc">colorfromfirstoptionset</value></property><resources><library name="mscommon" version="&gt;=1.1.0" order="1"><packaged_library path="libs/mscommonlib-1.0.0.js" version="1.2.2" /></library><library name="dhtmlxscheduler" version="&gt;=4" order="2"><packaged_library path="libs/dhtmlx/dhtmlxscheduler.js" version="4.0.1" /></library><library name="dhtmlxscheduler_limit" version="&gt;=4" order="3"><packaged_library path="libs/dhtmlx/ext/dhtmlxscheduler_limit.js" version="4.0.1" /></library><library name="webix" version="&gt;=4" order="4"><packaged_library path="libs/webix/webix.js" version="4.1.5" /></library><code path="Calendar.js" order="5" /><library name="webix_scheduler" version="&gt;=4" order="6"><packaged_library path="libs/webix/scheduler/scheduler.js" version="4.1.5" /></library><css path="libs/dhtmlx/dhtmlxscheduler.css" order="7" /><css path="libs/webix/scheduler/scheduler.css" order="8" /><css path="libs/webix/webix.css" order="9" /><css path="css/calendar-theme.css" order="10" /><css path="css/advanced-calendar-theme.css" order="11" /><resx path="strings/Calendar.1033.resx" version="1.0.0" /></resources></control></manifest>