<manifest><control namespace="MscrmControls.FieldControls" constructor="FloatingPointNumberInput" version="1.0.0" display-name-key="Floating Point Number Input" control-type="virtual" hidden="true"><modes><read /><edit /></modes><property name="value" display-name-key="CC_FloatingPointNumber" description-key="CC_FloatingPointNumber_Desc" of-type="FP" usage="bound" required="true" hidden="true" /><resources><library name="msvcontrol" version="&gt;=1" order="1"><packaged_library path="libs/msvcontrollib-1.0.0.js" version="1.0.0" /></library><code path="FloatingPointNumberInput.js" order="2" /></resources></control></manifest>