<manifest><control namespace="MscrmControls.FieldControls" constructor="UrlControl" version="1.0.0" display-name-key="CC_Url_Control" control-type="virtual" hidden="true"><modes></modes><property name="value" display-name-key="UrlControl_urlvalue" description-key="UrlControl_urlvalue_desc" of-type="SingleLine.URL" usage="bound" required="true" hidden="true" /><resources><library name="msvcontrol" version="&gt;=1" order="1"><packaged_library path="libs/msvcontrollib-1.0.0.js" version="1.0.0" /></library><code path="UrlControl.js" order="2" /><resx path="strings/UrlControl.1033.resx" version="1.0.0" /></resources></control></manifest>