<manifest><control namespace="MscrmControls.AppCommon.ExcelWordTemplate" constructor="SummarySectionControl" version="1.0.0" display-name-key="CC_Mock_Name" control-type="virtual"><modes></modes><type-group name="all"><type>SingleLine.Text</type></type-group><property name="uploaded_template_id" display-name-key="CC_uploaded_template_id" description-key="CC_uploaded_template_id_Desc" of-type-group="all" usage="input" required="true" hidden="true" /><resources><library name="jquery" version="&gt;=2" order="1"><packaged_library path="libs/jquery-2.1.1.js" version="2.1.1" /></library><code path="SummarySection.js" order="3" /><resx path="locale/summarysection.1033.resx" version="1.0.0" /></resources></control></manifest>