<manifest><control namespace="MscrmControls.MultiSelectPicklist" constructor="MultiSelectPicklistControl" version="1.0.0" display-name-key="CC_MultiSelectPicklist_Name" hidden="true"><modes><read /><edit /></modes><property name="value" display-name-key="CC_Field" description-key="CC_Field_Desc" of-type="MultiSelectOptionSet" usage="bound" required="true" hidden="true" /><resources><css path="css/searchableOptionList.css" order="1" /><css path="css/MultiSelectPicklistStyles.css" order="2" /><library name="jquery" version="&gt;=1" order="3"><packaged_library path="libs/jquery-2.1.1.js" version="2.1.1" /></library><library name="mscommon" version="&gt;=1" order="4"><packaged_library path="libs/mscommonlib-1.0.0.js" version="1.2.1" /></library><library name="sol" version="&gt;=1" order="5"><packaged_library path="libs/sol-2.0.0.js" version="2.0.0" /></library><code path="MultiSelectPicklistControl.js" order="6" /><resx path="strings/MultiSelectPicklistControl.1033.resx" version="1.0.0" /></resources></control></manifest>