<manifest><control namespace="MscrmControls.AttachmentControl" constructor="AttachmentControl" version="1.1.0" display-name-key="CC_AttachmentControl" control-type="virtual" hidden="true"><modes><container /></modes><property name="fileName" display-name-key="AttachmentControl_fileName" description-key="AttachmentControl_fileName_desc" of-type="SingleLine.Text" usage="bound" required="true" hidden="false" /><property name="fileType" display-name-key="AttachmentControl_fileType" description-key="AttachmentControl_fileType_desc" usage="bound" of-type="SingleLine.Text" required="true" hidden="false" /><property name="fileSize" display-name-key="AttachmentControl_fileSize" description-key="AttachmentControl_fileSize_desc" usage="bound" of-type="SingleLine.Text" required="true" hidden="false" /><property name="mode" display-name-key="AttachmentControl_mode" description-key="AttachmentControl_mode_desc" of-type="SingleLine.Text" usage="bound" required="true" hidden="true" /><property name="content" display-name-key="AttachmentControl_content" description-key="AttachmentControl_content_desc" of-type="Multiple" usage="bound" required="true" hidden="true" /><property name="attachmentId" display-name-key="AttachmentControl_attachmentId" description-key="AttachmentControl_attachmentId_desc" of-type="Multiple" usage="bound" required="true" hidden="true" /><resources><library name="jquery" version="&gt;=2" order="1"><packaged_library path="libs/jquery-2.1.1.js" version="2.1.1" /></library><library name="mscommon" version="&gt;=1" order="2"><packaged_library path="libs/mscommonlib-1.0.0.js" version="1.2.1" /></library><code path="AttachmentControl.js" order="3" /><resx path="strings/AttachmentControl.1033.resx" version="1.0.0" /></resources></control></manifest>