<manifest><control namespace="MscrmControls.AppCommon.ExcelWordTemplate" constructor="ExcelWordTemplateControl" version="1.0.0" display-name-key="CC_Mock_Name" control-type="virtual"><modes></modes><property name="FilteringInput" display-name-key="CC_FilteringInput" description-key="CC_FilteringInput_desc" usage="input" of-type="SingleLine.Text" required="false" hidden="true" /><property name="ViewId" display-name-key="CC_ViewId" description-key="CC_ViewId_desc" usage="input" of-type="SingleLine.Text" required="false" hidden="true" /><resources><library name="jquery" version="&gt;=2" order="1"><packaged_library path="libs/jquery-2.1.1.js" version="2.1.1" /></library><library name="FRECommon" version="&gt;=1" order="3"><packaged_library path="libs/frecommon-lib.js" version="1.0.0" /></library><library name="FREShell" version="&gt;=1" order="4"><packaged_library path="libs/FREShell.js" version="1.0.0" /></library><library name="smbappmoduleappconfig" version="&gt;=1" order="5"><packaged_library path="libs/smbappmoduleappconfig-lib.js" version="1.0.0" /></library><code path="ExcelWordTemplate.js" order="5" /><css path="css/ExcelWordTemplate.css" order="10" /><resx path="locale/excelword.1033.resx" version="1.0.0" /></resources></control></manifest>