<manifest><control namespace="MscrmControls.AppCommon.FiscalSetting" constructor="FiscalSettingControl" version="1.0.0" display-name-key="FYControl" control-type="virtual"><modes></modes><resources><library name="jquery" version="&gt;=2" order="1"><packaged_library path="libs/jquery-2.1.1.js" version="2.1.1" /></library><library name="mscommon" version="&gt;=1" order="2"><packaged_library path="libs/mscommonlib-1.0.0.js" version="1.0.0" /></library><library name="FRECommon" version="&gt;=1" order="3"><packaged_library path="libs/frecommon-lib.js" version="1.0.0" /></library><library name="FREShell" version="&gt;=1" order="4"><packaged_library path="libs/FREShell.js" version="1.0.0" /></library><code path="FiscalSettingControl.js" order="5" /><css path="css/FiscalPeriod.css" order="6" /><resx path="locale/fiscalsetting.1033.resx" version="1.0.0" /></resources></control></manifest>