<manifest><control namespace="MscrmControls.AppCommon.RelationshipSelector" constructor="RelationshipSelectorControl" version="1.0.0" display-name-key="RelationshipSelectorControl" control-type="virtual"><modes></modes><type-group name="all"><type>SingleLine.Text</type></type-group><property name="templateInfo" display-name-key="CC_templateInfo" description-key="CC_templateInfo_Desc" of-type-group="all" usage="input" required="true" hidden="true" /><resources><code path="RelationshipSelector.js" order="3" /></resources></control></manifest>