<manifest><control namespace="MscrmControls.Rating" constructor="StarRatingControl" version="1.0.3" display-name-key="CC_StarRating_Name" description-key="CC_StarRating_Desc" preview-image="img/preview.png"><modes><read /><edit /></modes><property name="value" display-name-key="CC_Value" description-key="CC_Value_Desc" usage="bound" of-type="Whole.None" required="true" hidden="true" /><property name="max" display-name-key="CC_StarRating_Max" description-key="CC_StarRating_DropDown_Max_Desc" usage="input" of-type="Enum" required="true" hidden="false"><value name="option-a" display-name-key="CC_StarRating_Option_2" description-key="CC_StarRating_Option_2_Desc">2</value><value name="option-b" display-name-key="CC_StarRating_Option_3" description-key="CC_StarRating_Option_3_Desc">3</value><value name="option-c" display-name-key="CC_StarRating_Option_4" description-key="CC_StarRating_Option_4_Desc">4</value><value name="option-d" display-name-key="CC_StarRating_Option_5" description-key="CC_StarRating_Option_5_Desc" default="true">5</value></property><AvailableOn><web classic="disable" /><phone /><tablet /></AvailableOn><resources><library name="jquery" version="&gt;=2" order="1"><packaged_library path="libs/jquery-2.1.1.js" version="2.1.1" /></library><library name="winjsbase" version="&gt;=3" order="2"><packaged_library path="libs/base.js" version="3.0.1" /></library><library name="winjsui" version="&gt;=3" order="3"><packaged_library path="libs/ui.js" version="3.0.1" /></library><library name="mscommon" version="&gt;=1" order="4"><packaged_library path="libs/mscommonlib-1.0.0.js" version="1.2.1" /></library><code path="StarRatingControl.js" order="5" /><css path="css/rating.css" order="6" /><resx path="strings/StarRatingControl.1033.resx" version="1.0.0" /></resources></control></manifest>