<manifest><control namespace="MscrmControls.FieldControls" constructor="OptionSet" version="1.0.1" display-name-key="CC_OptionSetGeneric" control-type="virtual" hidden="true"><modes><edit /><read /></modes><property name="value" display-name-key="CC_OptionSet_value_name" of-type="OptionSet" usage="bound" required="true" hidden="false"><doc description-key="CC_OptionSet_value_desc" /></property><property display-name-key="ShowLabelWhenUnfocused" name="ShowLabelWhenUnfocused" of-type="TwoOptions" usage="input" required="false" hidden="true" /><property display-name-key="ShowAsSingleLine" name="ShowAsSingleLine" of-type="TwoOptions" usage="input" required="false" hidden="true" /><resources><library name="msvcontrol" version="&gt;=1" order="1"><packaged_library path="libs/msvcontrollib-1.0.0.js" version="1.0.0" /></library><code path="OptionSet.js" order="2" /><resx path="strings/OptionSet.1033.resx" version="1.0.0" /></resources></control></manifest>