<manifest><control namespace="MscrmControls.CarouselControl" constructor="CarouselControl" version="1.0.0" display-name-key="CarouselControl" hidden="true"><modes></modes><data-set name="CarouselDataSet" display-name-key="CC_Carousel_DSCarousel" /><data-set name="TemplateDataSet" display-name-key="CC_Template_DSGrid" /><property name="GridState" display-name-key="CC_grid_State" description-key="CC_grid_State_Desc" of-type="SingleLine.Text" usage="input" required="true" hidden="true" /><resources><library name="mscommonlib" version="&gt;=1" order="1"><packaged_library path="libs/mscommonlib-1.0.0.js" version="1.2.1" /></library><library name="jquery" version="&gt;=2" order="2"><packaged_library path="libs/jquery-2.1.1.js" version="2.1.1" /></library><library name="slick" version="&gt;=1" order="3"><packaged_library path="libs/slick.min.js" version="1.5.9" /></library><code path="CarouselControl.js" order="4" /><css path="css/slick.css" order="5" /><css path="css/slick-theme.css" order="6" /><css path="css/carousel.css" order="7" /><resx path="strings/CarouselControl.1033.resx" version="1.0.0" /></resources></control></manifest>