<manifest><control namespace="MscrmControls.FieldControls" constructor="BarCodeScannerControl" version="1.0.1" display-name-key="CC_BarcodeScanner_Control" control-type="virtual"><modes></modes><property name="value" display-name-key="BarCodeScannerControl_value" description-key="BarCodeScannerControl_value_desc" of-type="SingleLine.Text" usage="bound" required="true" hidden="true" /><resources><library name="jquery" version="&gt;=2" order="1"><packaged_library path="libs/jquery-2.1.1.js" version="2.1.1" /></library><library name="msvcontrol" version="&gt;=1" order="2"><packaged_library path="libs/msvcontrollib-1.0.0.js" version="1.0.0" /></library><code path="BarCodeScannerControl.js" order="3" /><resx path="strings/BarCodeScannerControl.1033.resx" version="1.0.0" /></resources></control></manifest>