<manifest><control namespace="MscrmControls.AppCommon.PersonalSettings" constructor="PersonalSettingsControl" version="1.0.0" display-name-key="CC_AppCommon_PersonalSettings" control-type="virtual"><modes></modes><resources><library name="FREShell" version="&gt;=1" order="1"><packaged_library path="libs/FREShell.js" version="1.0.0" /></library><library name="jquery" version="&gt;=2" order="2"><packaged_library path="libs/jquery-2.1.1.js" version="2.1.1" /></library><code path="PersonalSettings.js" order="3" /><css path="css/PersonalSettings.css" order="5" /><resx path="locale/personalsettings.1033.resx" version="1.0.0" /></resources></control></manifest>