<manifest><control namespace="MscrmControls.Offline" constructor="OfflineStatusControl" version="1.0.0" display-name-key="CC_OfflineStatusControl" control-type="virtual"><modes></modes><property name="OfflineStatus" display-name-key="CC_offlineStatus" description-key="CC_offlineStatus_desc" usage="input" of-type="SingleLine.Text" required="true" hidden="false" /><property name="OfflineStatusReason" display-name-key="CC_offlineStatusReason" description-key="CC_offlineStatusReason_desc" usage="input" of-type="SingleLine.Text" required="true" hidden="false" /><property name="OfflineMetadataSyncRequired" display-name-key="CC_offlineMetadataSyncRequired" description-key="CC_offlineMetadataSyncRequired_desc" usage="input" of-type="SingleLine.Text" required="true" hidden="false" /><resources><code path="OfflineStatusControl.js" order="1" /><resx path="strings/OfflineStatusControl.1033.resx" version="1.0.0" /></resources></control></manifest>