<manifest><control namespace="MscrmControls.GlobalFilter" constructor="GlobalFilterControl" version="1.0.0" display-name-key="CC_GlobalFilterControl_Name" control-type="virtual" hidden="true"><modes></modes><property name="value" required="true" display-name-key="CC_GlobalFilterControl_Value" description-key="CC_GlobalFilterControl_Value_Desc" usage="bound" of-type="GlobalFilter" /><resources><code path="GlobalFilterControl.js" order="1" /><resx path="strings/GlobalFilterControl.1033.resx" version="1.0.0" /></resources></control></manifest>