<ImportExportXml version="8.2.0002.0128" SolutionPackageVersion="8.2" languagecode="1033" generatedBy="CrmLive" xmlns:xsi="http://www.w3.org/2001/XMLSchema-instance">
  <SolutionManifest>
    <UniqueName>Workflow_10312017</UniqueName>
    <LocalizedNames>
      <LocalizedName description="Workflow_10312017" languagecode="1033" />
    </LocalizedNames>
    <Descriptions />
    <Version>1.0.0.0</Version>
    <Managed>0</Managed>
    <Publisher>
      <UniqueName>cognosante</UniqueName>
      <LocalizedNames>
        <LocalizedName description="Cognosante" languagecode="1033" />
      </LocalizedNames>
      <Descriptions />
      <EMailAddress xsi:nil="true"></EMailAddress>
      <SupportingWebsiteUrl xsi:nil="true"></SupportingWebsiteUrl>
      <CustomizationPrefix>cog</CustomizationPrefix>
      <CustomizationOptionValuePrefix>18131</CustomizationOptionValuePrefix>
      <Addresses>
        <Address>
          <AddressNumber>1</AddressNumber>
          <AddressTypeCode>1</AddressTypeCode>
          <City xsi:nil="true"></City>
          <County xsi:nil="true"></County>
          <Country xsi:nil="true"></Country>
          <Fax xsi:nil="true"></Fax>
          <FreightTermsCode xsi:nil="true"></FreightTermsCode>
          <ImportSequenceNumber xsi:nil="true"></ImportSequenceNumber>
          <Latitude xsi:nil="true"></Latitude>
          <Line1 xsi:nil="true"></Line1>
          <Line2 xsi:nil="true"></Line2>
          <Line3 xsi:nil="true"></Line3>
          <Longitude xsi:nil="true"></Longitude>
          <Name xsi:nil="true"></Name>
          <PostalCode xsi:nil="true"></PostalCode>
          <PostOfficeBox xsi:nil="true"></PostOfficeBox>
          <PrimaryContactName xsi:nil="true"></PrimaryContactName>
          <ShippingMethodCode>1</ShippingMethodCode>
          <StateOrProvince xsi:nil="true"></StateOrProvince>
          <Telephone1 xsi:nil="true"></Telephone1>
          <Telephone2 xsi:nil="true"></Telephone2>
          <Telephone3 xsi:nil="true"></Telephone3>
          <TimeZoneRuleVersionNumber xsi:nil="true"></TimeZoneRuleVersionNumber>
          <UPSZone xsi:nil="true"></UPSZone>
          <UTCOffset xsi:nil="true"></UTCOffset>
          <UTCConversionTimeZoneCode xsi:nil="true"></UTCConversionTimeZoneCode>
        </Address>
        <Address>
          <AddressNumber>2</AddressNumber>
          <AddressTypeCode>1</AddressTypeCode>
          <City xsi:nil="true"></City>
          <County xsi:nil="true"></County>
          <Country xsi:nil="true"></Country>
          <Fax xsi:nil="true"></Fax>
          <FreightTermsCode xsi:nil="true"></FreightTermsCode>
          <ImportSequenceNumber xsi:nil="true"></ImportSequenceNumber>
          <Latitude xsi:nil="true"></Latitude>
          <Line1 xsi:nil="true"></Line1>
          <Line2 xsi:nil="true"></Line2>
          <Line3 xsi:nil="true"></Line3>
          <Longitude xsi:nil="true"></Longitude>
          <Name xsi:nil="true"></Name>
          <PostalCode xsi:nil="true"></PostalCode>
          <PostOfficeBox xsi:nil="true"></PostOfficeBox>
          <PrimaryContactName xsi:nil="true"></PrimaryContactName>
          <ShippingMethodCode>1</ShippingMethodCode>
          <StateOrProvince xsi:nil="true"></StateOrProvince>
          <Telephone1 xsi:nil="true"></Telephone1>
          <Telephone2 xsi:nil="true"></Telephone2>
          <Telephone3 xsi:nil="true"></Telephone3>
          <TimeZoneRuleVersionNumber xsi:nil="true"></TimeZoneRuleVersionNumber>
          <UPSZone xsi:nil="true"></UPSZone>
          <UTCOffset xsi:nil="true"></UTCOffset>
          <UTCConversionTimeZoneCode xsi:nil="true"></UTCConversionTimeZoneCode>
        </Address>
      </Addresses>
    </Publisher>
    <RootComponents>
      <RootComponent type="1" schemaName="account" behavior="2" />
      <RootComponent type="1" schemaName="activitypointer" behavior="2" />
      <RootComponent type="1" schemaName="adx_alertsubscription" behavior="0" />
      <RootComponent type="1" schemaName="adx_communityforumalert" behavior="2" />
      <RootComponent type="1" schemaName="adx_communityforumannouncement" behavior="2" />
      <RootComponent type="1" schemaName="adx_communityforumpost" behavior="2" />
      <RootComponent type="1" schemaName="adx_externalidentity" behavior="2" />
      <RootComponent type="1" schemaName="adx_forumnotification" behavior="2" />
      <RootComponent type="1" schemaName="adx_invitation" behavior="2" />
      <RootComponent type="1" schemaName="adx_inviteredemption" behavior="0" />
      <RootComponent type="1" schemaName="adx_pagealert" behavior="2" />
      <RootComponent type="1" schemaName="adx_pagenotification" behavior="2" />
      <RootComponent type="1" schemaName="adx_pollsubmission" behavior="2" />
      <RootComponent type="1" schemaName="adx_portalcomment" behavior="0" />
      <RootComponent type="1" schemaName="adx_webfilelog" behavior="2" />
      <RootComponent type="1" schemaName="adx_webformsession" behavior="2" />
      <RootComponent type="1" schemaName="adx_webpage" behavior="2" />
      <RootComponent type="1" schemaName="adx_webpagehistory" behavior="2" />
      <RootComponent type="1" schemaName="adx_webpagelog" behavior="2" />
      <RootComponent type="1" schemaName="annotation" behavior="2" />
      <RootComponent type="1" schemaName="appointment" behavior="2" />
      <RootComponent type="1" schemaName="bookableresource" behavior="2" />
      <RootComponent type="1" schemaName="cog_appeal" behavior="0" />
      <RootComponent type="1" schemaName="cog_caseappeal" behavior="0" />
      <RootComponent type="1" schemaName="cog_caseexpense" behavior="0" />
      <RootComponent type="1" schemaName="cog_caseprovider" behavior="0" />
      <RootComponent type="1" schemaName="cog_caserecipient" behavior="0" />
      <RootComponent type="1" schemaName="cog_claimeob" behavior="0" />
      <RootComponent type="1" schemaName="cog_claimriskscore" behavior="0" />
      <RootComponent type="1" schemaName="cog_claimrule" behavior="0" />
      <RootComponent type="1" schemaName="cog_claimstatuscode" behavior="0" />
      <RootComponent type="1" schemaName="cog_claimtypecode" behavior="0" />
      <RootComponent type="1" schemaName="cog_cogbasicsetting" behavior="0" />
      <RootComponent type="1" schemaName="cog_detailclaim" behavior="0" />
      <RootComponent type="1" schemaName="cog_detailclaimprovider" behavior="0" />
      <RootComponent type="1" schemaName="cog_detailclaimrecipient" behavior="0" />
      <RootComponent type="1" schemaName="cog_diagnosis" behavior="0" />
      <RootComponent type="1" schemaName="cog_diagnosistypecode" behavior="0" />
      <RootComponent type="1" schemaName="cog_drug" behavior="0" />
      <RootComponent type="1" schemaName="cog_eligibilitygroup" behavior="0" />
      <RootComponent type="1" schemaName="cog_expense" behavior="0" />
      <RootComponent type="1" schemaName="cog_finding" behavior="0" />
      <RootComponent type="1" schemaName="cog_findingerrorcode" behavior="0" />
      <RootComponent type="1" schemaName="cog_fraudtypecode" behavior="0" />
      <RootComponent type="1" schemaName="cog_headerclaim" behavior="0" />
      <RootComponent type="1" schemaName="cog_headerclaimprovider" behavior="0" />
      <RootComponent type="1" schemaName="cog_headerclaimrecipient" behavior="0" />
      <RootComponent type="1" schemaName="cog_informationsource" behavior="0" />
      <RootComponent type="1" schemaName="cog_procedure" behavior="0" />
      <RootComponent type="1" schemaName="cog_providerriskscore" behavior="0" />
      <RootComponent type="1" schemaName="cog_reasoncodelookup" behavior="0" />
      <RootComponent type="1" schemaName="cog_recovery" behavior="0" />
      <RootComponent type="1" schemaName="cog_riskscorelinkedprovider" behavior="0" />
      <RootComponent type="1" schemaName="cog_surgicalprocedure" behavior="0" />
      <RootComponent type="1" schemaName="cog_timetracking" behavior="0" />
      <RootComponent type="1" schemaName="cog_uboccurrence" behavior="0" />
      <RootComponent type="1" schemaName="cog_validationmethod" behavior="0" />
      <RootComponent type="1" schemaName="connection" behavior="2" />
      <RootComponent type="1" schemaName="contact" behavior="2" />
      <RootComponent type="1" schemaName="contract" behavior="2" />
      <RootComponent type="1" schemaName="contractdetail" behavior="2" />
      <RootComponent type="1" schemaName="customeraddress" behavior="2" />
      <RootComponent type="1" schemaName="email" behavior="2" />
      <RootComponent type="1" schemaName="entitlement" behavior="2" />
      <RootComponent type="1" schemaName="fax" behavior="2" />
      <RootComponent type="1" schemaName="feedback" behavior="2" />
      <RootComponent type="1" schemaName="incident" behavior="0" />
      <RootComponent type="1" schemaName="incidentresolution" behavior="2" />
      <RootComponent type="1" schemaName="invoice" behavior="2" />
      <RootComponent type="1" schemaName="knowledgearticleincident" behavior="2" />
      <RootComponent type="1" schemaName="lead" behavior="2" />
      <RootComponent type="1" schemaName="letter" behavior="2" />
      <RootComponent type="1" schemaName="new_bpf_5292f6ae3ab844c2867bd25e0ba1f6f3" behavior="0" />
      <RootComponent type="1" schemaName="new_bpf_be24a341c59542e989acef1f8abaf41b" behavior="0" />
      <RootComponent type="1" schemaName="opportunity" behavior="2" />
      <RootComponent type="1" schemaName="phonecall" behavior="2" />
      <RootComponent type="1" schemaName="phonetocaseprocess" behavior="2" />
      <RootComponent type="1" schemaName="processsession" behavior="2" />
      <RootComponent type="1" schemaName="product" behavior="2" />
      <RootComponent type="1" schemaName="queueitem" behavior="2" />
      <RootComponent type="1" schemaName="quote" behavior="2" />
      <RootComponent type="1" schemaName="recurringappointmentmaster" behavior="2" />
      <RootComponent type="1" schemaName="salesliterature" behavior="2" />
      <RootComponent type="1" schemaName="salesorder" behavior="2" />
      <RootComponent type="1" schemaName="serviceappointment" behavior="2" />
      <RootComponent type="1" schemaName="sharepointdocumentlocation" behavior="1" />
      <RootComponent type="1" schemaName="socialactivity" behavior="2" />
      <RootComponent type="1" schemaName="socialprofile" behavior="2" />
      <RootComponent type="1" schemaName="syncerror" behavior="2" />
      <RootComponent type="1" schemaName="task" behavior="2" />
      <RootComponent type="9" schemaName="cog_appealdispositioncode" behavior="0" />
      <RootComponent type="9" schemaName="cog_appealstatuscode" behavior="0" />
      <RootComponent type="9" schemaName="cog_casestatus" behavior="0" />
      <RootComponent type="9" schemaName="cog_casetype" behavior="0" />
      <RootComponent type="9" schemaName="cog_confidenceintervalcodes" behavior="0" />
      <RootComponent type="9" schemaName="cog_confidencelevelcode" behavior="0" />
      <RootComponent type="9" schemaName="cog_contacttype" behavior="0" />
      <RootComponent type="9" schemaName="cog_creditcardcompany" behavior="0" />
      <RootComponent type="9" schemaName="cog_detailclaimprovidertype" behavior="0" />
      <RootComponent type="9" schemaName="cog_dualeligibilitycode" behavior="0" />
      <RootComponent type="9" schemaName="cog_eligibilitygroupcategory" behavior="0" />
      <RootComponent type="9" schemaName="cog_eligibilitygroupcode" behavior="0" />
      <RootComponent type="9" schemaName="cog_eligibilitygroupparentcategory" behavior="0" />
      <RootComponent type="9" schemaName="cog_eligibilitygrouptype" behavior="0" />
      <RootComponent type="9" schemaName="cog_expensetype" behavior="0" />
      <RootComponent type="9" schemaName="cog_financestatus" behavior="0" />
      <RootComponent type="9" schemaName="cog_findingcategory" behavior="0" />
      <RootComponent type="9" schemaName="cog_findingcriteria" behavior="0" />
      <RootComponent type="9" schemaName="cog_findinggroup" behavior="0" />
      <RootComponent type="9" schemaName="cog_findinglevel" behavior="0" />
      <RootComponent type="9" schemaName="cog_findingreference" behavior="0" />
      <RootComponent type="9" schemaName="cog_findingstage" behavior="0" />
      <RootComponent type="9" schemaName="cog_findingtype" behavior="0" />
      <RootComponent type="9" schemaName="cog_hitratiocode" behavior="0" />
      <RootComponent type="9" schemaName="cog_lettertype" behavior="0" />
      <RootComponent type="9" schemaName="cog_licensetype" behavior="0" />
      <RootComponent type="9" schemaName="cog_lockinprovidertypecode" behavior="0" />
      <RootComponent type="9" schemaName="cog_managedcareplantype" behavior="0" />
      <RootComponent type="9" schemaName="cog_mealtype" behavior="0" />
      <RootComponent type="9" schemaName="cog_noticelanguage" behavior="0" />
      <RootComponent type="9" schemaName="cog_paymenttype" behavior="0" />
      <RootComponent type="9" schemaName="cog_providerspecialtycode" behavior="0" />
      <RootComponent type="9" schemaName="cog_providertypecode" behavior="0" />
      <RootComponent type="9" schemaName="cog_reasoncodeactiveflag" behavior="0" />
      <RootComponent type="9" schemaName="cog_reviewtype" behavior="0" />
      <RootComponent type="9" schemaName="cog_risktype" behavior="0" />
      <RootComponent type="9" schemaName="cog_sampletypecode" behavior="0" />
      <RootComponent type="9" schemaName="cog_scopecode" behavior="0" />
      <RootComponent type="9" schemaName="cog_scopetypecode" behavior="0" />
      <RootComponent type="9" schemaName="cog_stateprovince" behavior="0" />
      <RootComponent type="9" schemaName="cog_transportationtype" behavior="0" />
      <RootComponent type="9" schemaName="cog_travelreason" behavior="0" />
      <RootComponent type="9" schemaName="cog_validationmethods" behavior="0" />
      <RootComponent type="9" schemaName="cog_yesno" behavior="0" />
      <RootComponent type="29" id="{0ffbcde4-61c1-4355-aa89-aa1d7b2b8792}" behavior="0" />
      <RootComponent type="29" id="{17382109-833c-4ae6-89ee-9561a8c50a8b}" behavior="0" />
      <RootComponent type="29" id="{310a894f-1a11-4ccd-b603-7129a1660ba2}" behavior="0" />
      <RootComponent type="29" id="{407cb92f-a2df-45ac-8f1c-5fe1a6b3b272}" behavior="0" />
      <RootComponent type="29" id="{5292f6ae-3ab8-44c2-867b-d25e0ba1f6f3}" behavior="0" />
      <RootComponent type="29" id="{8954af0b-d9a0-41b0-87ea-cd8a9e9ed4eb}" behavior="0" />
      <RootComponent type="29" id="{96f687ea-33ee-4f74-a34f-84a5a7854af9}" behavior="0" />
      <RootComponent type="29" id="{9b5ada85-f0f1-469a-bb10-74cf79a6025d}" behavior="0" />
      <RootComponent type="29" id="{9ba096e6-b92d-41ba-96fe-3da60fa8f31c}" behavior="0" />
      <RootComponent type="29" id="{abd1c0fc-c3f0-4eca-8136-6cded5a88fa2}" behavior="0" />
      <RootComponent type="29" id="{b8fd4ffd-3ec2-40a3-9ac9-9d9972cec9af}" behavior="0" />
      <RootComponent type="29" id="{be24a341-c595-42e9-89ac-ef1f8abaf41b}" behavior="0" />
      <RootComponent type="29" id="{ce5f95b6-63eb-474e-ab69-135eab6a7739}" behavior="0" />
      <RootComponent type="29" id="{d3125ab5-56ed-4db9-a5a4-3d033e563018}" behavior="0" />
      <RootComponent type="60" id="{0b6c8734-1048-483b-8e33-b50db9345b7e}" />
      <RootComponent type="60" id="{0bd832d5-9d6a-456d-bdc1-21129e82cc0f}" />
      <RootComponent type="60" id="{1fed44d1-ae68-4a41-bd2b-f13acac4acfa}" />
      <RootComponent type="60" id="{29de27bc-a257-4f29-99cf-bab4a84e688f}" />
      <RootComponent type="60" id="{3fb651a5-cdbf-46c9-87fb-d2c748662bb8}" />
      <RootComponent type="60" id="{4665225f-e71b-df73-aa01-00155d2a9126}" />
      <RootComponent type="60" id="{56edcfe7-b4f3-4378-bab5-fc8f40db3af3}" />
      <RootComponent type="60" id="{661157fe-2fc9-4eaa-835f-5bfa2f7b64f7}" />
      <RootComponent type="60" id="{69e5bd50-3d3e-47ca-aabc-d47bcbe59775}" />
      <RootComponent type="60" id="{707fc57b-c5e6-471b-a180-e37ed28a38e2}" />
      <RootComponent type="60" id="{70ad8b15-e3f3-4d7d-9e4b-16cb4e51b484}" />
      <RootComponent type="60" id="{7bb87dfd-ec3e-4ed9-8e3e-5725d3067295}" />
      <RootComponent type="60" id="{8e1d174b-0a10-4f48-bc08-6e56c1474c83}" behavior="0" />
      <RootComponent type="60" id="{a2844da1-dd7b-4667-8b21-cad16ed2ac81}" />
      <RootComponent type="60" id="{bc0f68dd-a4b1-4a8f-bed3-c8f5db2f89cf}" />
      <RootComponent type="60" id="{bdb0ae1c-32fa-4374-b637-8dafe107bc44}" />
      <RootComponent type="60" id="{c9a445a0-c2a7-45a9-bef3-3dfa95c331b5}" />
      <RootComponent type="60" id="{cc760212-3eab-4009-b5c3-ea9cf6f3e141}" />
      <RootComponent type="60" id="{d6190b35-9474-4098-9698-33f6627eb3bf}" />
      <RootComponent type="60" id="{d8523fca-34f4-4745-8afc-b785fcd192ab}" />
      <RootComponent type="60" id="{d880c3cf-80e2-42f3-82f9-24d040d09f17}" />
      <RootComponent type="60" id="{e2cdef28-6f1d-4b3a-98d5-35dab32ff20f}" />
      <RootComponent type="60" id="{eb3748b8-5f90-4050-a039-8b7d279ad8fe}" behavior="0" />
      <RootComponent type="60" id="{f3b707fb-3b5f-45f9-9c6b-5e573bb5d19e}" />
      <RootComponent type="61" schemaName="cog_/Images/ewmlogo.jpg" behavior="0" />
      <RootComponent type="61" schemaName="cog_/IntellisenseFiles/Xrm.js" behavior="0" />
      <RootComponent type="61" schemaName="cog_/Scripts/Case/CaseFormScript.js" behavior="0" />
      <RootComponent type="61" schemaName="cog_/Scripts/Case/InteractiveCaseFormScript.js" behavior="0" />
      <RootComponent type="61" schemaName="cog_/Scripts/CaseProvider/CaseProviderFormScript.js" behavior="0" />
      <RootComponent type="61" schemaName="cog_/Scripts/Claim/ClaimFormScript.js" behavior="0" />
      <RootComponent type="61" schemaName="cog_/Scripts/Common/CommonFormScript.js" behavior="0" />
      <RootComponent type="61" schemaName="cog_/Scripts/Common/CrmUser.js" behavior="0" />
      <RootComponent type="61" schemaName="cog_/Scripts/Common/FormConstants.js" behavior="0" />
      <RootComponent type="61" schemaName="cog_/Scripts/Common/FormMainScripts.js" behavior="0" />
      <RootComponent type="61" schemaName="cog_/Scripts/Common/FormUtilities.js" behavior="0" />
      <RootComponent type="61" schemaName="cog_/Scripts/Common/jquery.js" behavior="0" />
      <RootComponent type="61" schemaName="cog_/Scripts/Common/json2.js" behavior="0" />
      <RootComponent type="61" schemaName="cog_/Scripts/Common/XrmServiceToolkit.js" behavior="0" />
      <RootComponent type="61" schemaName="cog_/Scripts/Contact/ContactFormScript.js" behavior="0" />
      <RootComponent type="61" schemaName="cog_/Scripts/Contact/ContactQuickCreateFormScript.js" behavior="0" />
      <RootComponent type="61" schemaName="cog_/Scripts/Contact/InteractiveContactFormScript.js" behavior="0" />
      <RootComponent type="61" schemaName="cog_/Scripts/DetailClaim/DetailClaimFormScript.js" behavior="0" />
      <RootComponent type="61" schemaName="cog_/Scripts/Expense/ExpenseFormScript.js" behavior="0" />
      <RootComponent type="61" schemaName="cog_/Scripts/Finding/FindingFormScript.js" behavior="0" />
      <RootComponent type="61" schemaName="cog_/Scripts/InformationSource/InformationSourceFormScripts.js" behavior="0" />
      <RootComponent type="61" schemaName="cog_/Scripts/Recovery/RecoveryFormScript.js" behavior="0" />
      <RootComponent type="61" schemaName="cog_/Scripts/TimeTracking/TimeTrackingForm.js" behavior="0" />
    </RootComponents>
    <MissingDependencies>
      <MissingDependency>
        <Required key="0" type="1" schemaName="adx_portalcomment" displayName="Portal Comment" solution="PortalTimeline (8.1.0005)" />
        <Dependent key="0" type="1" schemaName="adx_portalcomment" displayName="Portal Comment" />
      </MissingDependency>
      <MissingDependency>
        <Required key="1" type="1" schemaName="adx_externalidentity" displayName="External Identity" solution="MicrosoftIdentity (8.1.0002)" />
        <Dependent key="1" type="1" schemaName="adx_externalidentity" displayName="External Identity" />
      </MissingDependency>
      <MissingDependency>
        <Required key="2" type="1" schemaName="adx_alertsubscription" displayName="Alert Subscription" solution="MicrosoftCrmPortalBase (8.1.0009)" />
        <Dependent key="2" type="1" schemaName="adx_alertsubscription" displayName="Alert Subscription" />
      </MissingDependency>
      <MissingDependency>
        <Required key="3" type="1" schemaName="adx_webpage" displayName="Web Page" solution="MicrosoftCrmPortalDependencies (8.1.0004)" />
        <Dependent key="3" type="1" schemaName="adx_webpage" displayName="Web Page" />
      </MissingDependency>
      <MissingDependency>
        <Required key="4" type="1" schemaName="adx_invitation" displayName="Invitation" solution="MicrosoftCrmPortalBase (8.1.0009)" />
        <Dependent key="4" type="1" schemaName="adx_invitation" displayName="Invitation" />
      </MissingDependency>
      <MissingDependency>
        <Required key="5" type="1" schemaName="adx_inviteredemption" displayName="Invite Redemption" solution="MicrosoftCrmPortalBase (8.1.0009)" />
        <Dependent key="5" type="1" schemaName="adx_inviteredemption" displayName="Invite Redemption" />
      </MissingDependency>
      <MissingDependency>
        <Required key="6" type="1" schemaName="adx_communityforumalert" displayName="Forum Alert" solution="MicrosoftForums (8.1.0004)" />
        <Dependent key="6" type="1" schemaName="adx_communityforumalert" displayName="Forum Alert" />
      </MissingDependency>
      <MissingDependency>
        <Required key="7" type="1" schemaName="adx_pagenotification" displayName="Page Notification" solution="MicrosoftCrmPortalBase (8.1.0009)" />
        <Dependent key="7" type="1" schemaName="adx_pagenotification" displayName="Page Notification" />
      </MissingDependency>
      <MissingDependency>
        <Required key="8" type="1" schemaName="adx_forumnotification" displayName="Forum Notification" solution="MicrosoftForums (8.1.0004)" />
        <Dependent key="8" type="1" schemaName="adx_forumnotification" displayName="Forum Notification" />
      </MissingDependency>
      <MissingDependency>
        <Required key="9" type="1" schemaName="adx_webformsession" displayName="Web Form Session" solution="MicrosoftWebForms (8.1.0005)" />
        <Dependent key="9" type="1" schemaName="adx_webformsession" displayName="Web Form Session" />
      </MissingDependency>
      <MissingDependency>
        <Required key="10" type="1" schemaName="adx_pollsubmission" displayName="Poll Submission" solution="MicrosoftCrmPortalBase (8.1.0009)" />
        <Dependent key="10" type="1" schemaName="adx_pollsubmission" displayName="Poll Submission" />
      </MissingDependency>
      <MissingDependency>
        <Required key="11" type="1" schemaName="adx_webpagehistory" displayName="Web Page History" solution="MicrosoftCrmPortalBase (8.1.0009)" />
        <Dependent key="11" type="1" schemaName="adx_webpagehistory" displayName="Web Page History" />
      </MissingDependency>
      <MissingDependency>
        <Required key="12" type="1" schemaName="adx_webpagelog" displayName="Web Page Log" solution="MicrosoftCrmPortalBase (8.1.0009)" />
        <Dependent key="12" type="1" schemaName="adx_webpagelog" displayName="Web Page Log" />
      </MissingDependency>
      <MissingDependency>
        <Required key="13" type="1" schemaName="adx_communityforumpost" displayName="Forum Post" solution="MicrosoftForums (8.1.0004)" />
        <Dependent key="13" type="1" schemaName="adx_communityforumpost" displayName="Forum Post" />
      </MissingDependency>
      <MissingDependency>
        <Required key="14" type="1" schemaName="adx_pagealert" displayName="Page Alert" solution="MicrosoftCrmPortalBase (8.1.0009)" />
        <Dependent key="14" type="1" schemaName="adx_pagealert" displayName="Page Alert" />
      </MissingDependency>
      <MissingDependency>
        <Required key="15" type="1" schemaName="adx_webfilelog" displayName="Web File Log" solution="MicrosoftCrmPortalBase (8.1.0009)" />
        <Dependent key="15" type="1" schemaName="adx_webfilelog" displayName="Web File Log" />
      </MissingDependency>
      <MissingDependency>
        <Required key="16" type="1" schemaName="adx_communityforumannouncement" displayName="Forum Announcement" solution="MicrosoftForums (8.1.0004)" />
        <Dependent key="16" type="1" schemaName="adx_communityforumannouncement" displayName="Forum Announcement" />
      </MissingDependency>
      <MissingDependency>
        <Required key="17" type="2" schemaName="adx_identity_lockoutenddate" displayName="Lockout End Date" parentSchemaName="contact" parentDisplayName="Contact" solution="MicrosoftIdentity (8.1.0002)" />
        <Dependent key="17" type="2" schemaName="adx_identity_lockoutenddate" displayName="Lockout End Date" parentSchemaName="contact" parentDisplayName="Contact" />
      </MissingDependency>
      <MissingDependency>
        <Required key="18" type="2" schemaName="msa_managingpartnerid" displayName="Managing Partner" parentSchemaName="contact" parentDisplayName="Contact" solution="MicrosoftCrmPortalDependencies (8.1.0004)" />
        <Dependent key="18" type="2" schemaName="msa_managingpartnerid" displayName="Managing Partner" parentSchemaName="contact" parentDisplayName="Contact" />
      </MissingDependency>
      <MissingDependency>
        <Required key="19" type="2" schemaName="statecode" displayName="Activity Status" parentSchemaName="adx_inviteredemption" parentDisplayName="Invite Redemption" solution="MicrosoftCrmPortalBase (8.1.0009)" />
        <Dependent key="20" type="60" displayName="Information" parentDisplayName="Invite Redemption" id="{b667659d-5d81-44ba-a6e6-bc68a58f8ff4}" />
      </MissingDependency>
      <MissingDependency>
        <Required key="21" type="2" schemaName="prioritycode" displayName="Priority" parentSchemaName="adx_portalcomment" parentDisplayName="Portal Comment" solution="PortalTimeline (8.1.0005)" />
        <Dependent key="22" type="60" displayName="Portal Comment" parentDisplayName="Portal Comment" id="{757a4ace-c057-406d-b1a9-1849bf6e5cfa}" />
      </MissingDependency>
      <MissingDependency>
        <Required key="21" type="2" schemaName="prioritycode" displayName="Priority" parentSchemaName="adx_portalcomment" parentDisplayName="Portal Comment" solution="PortalTimeline (8.1.0005)" />
        <Dependent key="23" type="60" displayName="Portal Comment for interactive experiance" parentDisplayName="Portal Comment" id="{16a535a3-5b32-4f80-b2c4-0eb5d5e5f8c3}" />
      </MissingDependency>
      <MissingDependency>
        <Required key="21" type="2" schemaName="prioritycode" displayName="Priority" parentSchemaName="adx_portalcomment" parentDisplayName="Portal Comment" solution="PortalTimeline (8.1.0005)" />
        <Dependent key="24" type="60" displayName="Portal Comment Reference Panel" parentDisplayName="Portal Comment" id="{93f23977-38c9-4faf-9fd3-250d8741a22e}" />
      </MissingDependency>
      <MissingDependency>
        <Required key="25" type="2" schemaName="statuscode" displayName="Status Reason" parentSchemaName="adx_portalcomment" parentDisplayName="Portal Comment" solution="PortalTimeline (8.1.0005)" />
        <Dependent key="22" type="60" displayName="Portal Comment" parentDisplayName="Portal Comment" id="{757a4ace-c057-406d-b1a9-1849bf6e5cfa}" />
      </MissingDependency>
      <MissingDependency>
        <Required key="25" type="2" schemaName="statuscode" displayName="Status Reason" parentSchemaName="adx_portalcomment" parentDisplayName="Portal Comment" solution="PortalTimeline (8.1.0005)" />
        <Dependent key="23" type="60" displayName="Portal Comment for interactive experiance" parentDisplayName="Portal Comment" id="{16a535a3-5b32-4f80-b2c4-0eb5d5e5f8c3}" />
      </MissingDependency>
      <MissingDependency>
        <Required key="26" type="2" schemaName="prioritycode" displayName="Priority" parentSchemaName="adx_alertsubscription" parentDisplayName="Alert Subscription" solution="MicrosoftCrmPortalBase (8.1.0009)" />
        <Dependent key="27" type="60" displayName="Information" parentDisplayName="Alert Subscription" id="{df15c7f9-bd9a-4ab7-9a44-1e6c2b9fe699}" />
      </MissingDependency>
      <MissingDependency>
        <Required key="28" type="2" schemaName="scheduledend" displayName="Due Date" parentSchemaName="adx_alertsubscription" parentDisplayName="Alert Subscription" solution="MicrosoftCrmPortalBase (8.1.0009)" />
        <Dependent key="27" type="60" displayName="Information" parentDisplayName="Alert Subscription" id="{df15c7f9-bd9a-4ab7-9a44-1e6c2b9fe699}" />
      </MissingDependency>
      <MissingDependency>
        <Required key="29" type="2" schemaName="statuscode" displayName="Status Reason" parentSchemaName="adx_inviteredemption" parentDisplayName="Invite Redemption" solution="MicrosoftCrmPortalBase (8.1.0009)" />
        <Dependent key="30" type="60" displayName="Information" parentDisplayName="Invite Redemption" id="{cb274493-3e72-4937-b54f-ddee4b9ce082}" />
      </MissingDependency>
      <MissingDependency>
        <Required key="31" type="2" schemaName="statecode" displayName="Activity Status" parentSchemaName="adx_portalcomment" parentDisplayName="Portal Comment" solution="PortalTimeline (8.1.0005)" />
        <Dependent key="24" type="60" displayName="Portal Comment Reference Panel" parentDisplayName="Portal Comment" id="{93f23977-38c9-4faf-9fd3-250d8741a22e}" />
      </MissingDependency>
      <MissingDependency>
        <Required key="31" type="2" schemaName="statecode" displayName="Activity Status" parentSchemaName="adx_portalcomment" parentDisplayName="Portal Comment" solution="PortalTimeline (8.1.0005)" />
        <Dependent key="32" type="60" displayName="Information" parentDisplayName="Portal Comment" id="{743245d3-ef51-489e-a7e3-b7b0d683db03}" />
      </MissingDependency>
      <MissingDependency>
        <Required key="33" type="2" schemaName="adx_portalcommentdirectioncode" displayName="Direction" parentSchemaName="adx_portalcomment" parentDisplayName="Portal Comment" solution="PortalTimeline (8.1.0005)" />
        <Dependent key="32" type="60" displayName="Information" parentDisplayName="Portal Comment" id="{743245d3-ef51-489e-a7e3-b7b0d683db03}" />
      </MissingDependency>
      <MissingDependency>
        <Required key="33" type="2" schemaName="adx_portalcommentdirectioncode" displayName="Direction" parentSchemaName="adx_portalcomment" parentDisplayName="Portal Comment" solution="PortalTimeline (8.1.0005)" />
        <Dependent key="24" type="60" displayName="Portal Comment Reference Panel" parentDisplayName="Portal Comment" id="{93f23977-38c9-4faf-9fd3-250d8741a22e}" />
      </MissingDependency>
      <MissingDependency>
        <Required key="33" type="2" schemaName="adx_portalcommentdirectioncode" displayName="Direction" parentSchemaName="adx_portalcomment" parentDisplayName="Portal Comment" solution="PortalTimeline (8.1.0005)" />
        <Dependent key="23" type="60" displayName="Portal Comment for interactive experiance" parentDisplayName="Portal Comment" id="{16a535a3-5b32-4f80-b2c4-0eb5d5e5f8c3}" />
      </MissingDependency>
      <MissingDependency>
        <Required key="33" type="2" schemaName="adx_portalcommentdirectioncode" displayName="Direction" parentSchemaName="adx_portalcomment" parentDisplayName="Portal Comment" solution="PortalTimeline (8.1.0005)" />
        <Dependent key="22" type="60" displayName="Portal Comment" parentDisplayName="Portal Comment" id="{757a4ace-c057-406d-b1a9-1849bf6e5cfa}" />
      </MissingDependency>
      <MissingDependency>
        <Required key="34" type="2" schemaName="adx_expirationdate" displayName="Expiration Date" parentSchemaName="adx_alertsubscription" parentDisplayName="Alert Subscription" solution="MicrosoftCrmPortalBase (8.1.0009)" />
        <Dependent key="27" type="60" displayName="Information" parentDisplayName="Alert Subscription" id="{df15c7f9-bd9a-4ab7-9a44-1e6c2b9fe699}" />
      </MissingDependency>
      <MissingDependency>
        <Required key="35" type="2" schemaName="statecode" displayName="Activity Status" parentSchemaName="adx_alertsubscription" parentDisplayName="Alert Subscription" solution="MicrosoftCrmPortalBase (8.1.0009)" />
        <Dependent key="27" type="60" displayName="Information" parentDisplayName="Alert Subscription" id="{df15c7f9-bd9a-4ab7-9a44-1e6c2b9fe699}" />
      </MissingDependency>
      <MissingDependency>
        <Required key="35" type="2" schemaName="statecode" displayName="Activity Status" parentSchemaName="adx_alertsubscription" parentDisplayName="Alert Subscription" solution="MicrosoftCrmPortalBase (8.1.0009)" />
        <Dependent key="36" type="60" displayName="Information" parentDisplayName="Alert Subscription" id="{47cc4240-d6cb-4a2e-8951-508b2b9684f6}" />
      </MissingDependency>
      <MissingDependency>
        <Required key="37" type="2" schemaName="adx_ipaddress" displayName="IP Address" parentSchemaName="adx_inviteredemption" parentDisplayName="Invite Redemption" solution="MicrosoftCrmPortalBase (8.1.0009)" />
        <Dependent key="30" type="60" displayName="Information" parentDisplayName="Invite Redemption" id="{cb274493-3e72-4937-b54f-ddee4b9ce082}" />
      </MissingDependency>
      <MissingDependency>
        <Required key="38" type="2" schemaName="description" displayName="Description" parentSchemaName="adx_portalcomment" parentDisplayName="Portal Comment" solution="PortalTimeline (8.1.0005)" />
        <Dependent key="24" type="60" displayName="Portal Comment Reference Panel" parentDisplayName="Portal Comment" id="{93f23977-38c9-4faf-9fd3-250d8741a22e}" />
      </MissingDependency>
      <MissingDependency>
        <Required key="38" type="2" schemaName="description" displayName="Description" parentSchemaName="adx_portalcomment" parentDisplayName="Portal Comment" solution="PortalTimeline (8.1.0005)" />
        <Dependent key="23" type="60" displayName="Portal Comment for interactive experiance" parentDisplayName="Portal Comment" id="{16a535a3-5b32-4f80-b2c4-0eb5d5e5f8c3}" />
      </MissingDependency>
      <MissingDependency>
        <Required key="38" type="2" schemaName="description" displayName="Description" parentSchemaName="adx_portalcomment" parentDisplayName="Portal Comment" solution="PortalTimeline (8.1.0005)" />
        <Dependent key="32" type="60" displayName="Information" parentDisplayName="Portal Comment" id="{743245d3-ef51-489e-a7e3-b7b0d683db03}" />
      </MissingDependency>
      <MissingDependency>
        <Required key="38" type="2" schemaName="description" displayName="Description" parentSchemaName="adx_portalcomment" parentDisplayName="Portal Comment" solution="PortalTimeline (8.1.0005)" />
        <Dependent key="22" type="60" displayName="Portal Comment" parentDisplayName="Portal Comment" id="{757a4ace-c057-406d-b1a9-1849bf6e5cfa}" />
      </MissingDependency>
      <MissingDependency>
        <Required key="39" type="2" schemaName="adx_modifiedbyusername" displayName="Modified By Username" parentSchemaName="contact" parentDisplayName="Contact" solution="MicrosoftCrmPortalDependencies (8.1.0004)" />
        <Dependent key="39" type="2" schemaName="adx_modifiedbyusername" displayName="Modified By Username" parentSchemaName="contact" parentDisplayName="Contact" />
      </MissingDependency>
      <MissingDependency>
        <Required key="40" type="2" schemaName="subject" displayName="Subject" parentSchemaName="adx_alertsubscription" parentDisplayName="Alert Subscription" solution="MicrosoftCrmPortalBase (8.1.0009)" />
        <Dependent key="40" type="2" schemaName="subject" displayName="Subject" parentSchemaName="adx_alertsubscription" parentDisplayName="Alert Subscription" />
      </MissingDependency>
      <MissingDependency>
        <Required key="41" type="2" schemaName="createdon" displayName="Date Created" parentSchemaName="adx_alertsubscription" parentDisplayName="Alert Subscription" solution="MicrosoftCrmPortalBase (8.1.0009)" />
        <Dependent key="41" type="2" schemaName="createdon" displayName="Date Created" parentSchemaName="adx_alertsubscription" parentDisplayName="Alert Subscription" />
      </MissingDependency>
      <MissingDependency>
        <Required key="42" type="2" schemaName="adx_publishtoweb" displayName="Publish to Web" parentSchemaName="incident" parentDisplayName="Case" solution="CustomerService (8.1.0002)" />
        <Dependent key="42" type="2" schemaName="adx_publishtoweb" displayName="Publish to Web" parentSchemaName="incident" parentDisplayName="Case" />
      </MissingDependency>
      <MissingDependency>
        <Required key="43" type="2" schemaName="adx_modifiedbyipaddress" displayName="Modified By IP Address" parentSchemaName="contact" parentDisplayName="Contact" solution="MicrosoftCrmPortalDependencies (8.1.0004)" />
        <Dependent key="43" type="2" schemaName="adx_modifiedbyipaddress" displayName="Modified By IP Address" parentSchemaName="contact" parentDisplayName="Contact" />
      </MissingDependency>
      <MissingDependency>
        <Required key="44" type="2" schemaName="adx_identity_logonenabled" displayName="Login Enabled" parentSchemaName="contact" parentDisplayName="Contact" solution="MicrosoftIdentity (8.1.0002)" />
        <Dependent key="44" type="2" schemaName="adx_identity_logonenabled" displayName="Login Enabled" parentSchemaName="contact" parentDisplayName="Contact" />
      </MissingDependency>
      <MissingDependency>
        <Required key="45" type="2" schemaName="adx_profilealertdate" displayName="Profile Alert Date" parentSchemaName="contact" parentDisplayName="Contact" solution="MicrosoftCrmPortalBase (8.1.0009)" />
        <Dependent key="45" type="2" schemaName="adx_profilealertdate" displayName="Profile Alert Date" parentSchemaName="contact" parentDisplayName="Contact" />
      </MissingDependency>
      <MissingDependency>
        <Required key="46" type="2" schemaName="adx_identity_username" displayName="User Name" parentSchemaName="contact" parentDisplayName="Contact" solution="MicrosoftIdentity (8.1.0002)" />
        <Dependent key="46" type="2" schemaName="adx_identity_username" displayName="User Name" parentSchemaName="contact" parentDisplayName="Contact" />
      </MissingDependency>
      <MissingDependency>
        <Required key="47" type="2" schemaName="adx_timezone" displayName="Time Zone" parentSchemaName="contact" parentDisplayName="Contact" solution="MicrosoftCrmPortalDependencies (8.1.0004)" />
        <Dependent key="47" type="2" schemaName="adx_timezone" displayName="Time Zone" parentSchemaName="contact" parentDisplayName="Contact" />
      </MissingDependency>
      <MissingDependency>
        <Required key="48" type="2" schemaName="createdon" displayName="Date Created" parentSchemaName="adx_inviteredemption" parentDisplayName="Invite Redemption" solution="MicrosoftCrmPortalBase (8.1.0009)" />
        <Dependent key="48" type="2" schemaName="createdon" displayName="Date Created" parentSchemaName="adx_inviteredemption" parentDisplayName="Invite Redemption" />
      </MissingDependency>
      <MissingDependency>
        <Required key="49" type="2" schemaName="adx_createdbyipaddress" displayName="Created By IP Address" parentSchemaName="incident" parentDisplayName="Case" solution="MicrosoftCrmPortalDependencies (8.1.0004)" />
        <Dependent key="49" type="2" schemaName="adx_createdbyipaddress" displayName="Created By IP Address" parentSchemaName="incident" parentDisplayName="Case" />
      </MissingDependency>
      <MissingDependency>
        <Required key="50" type="2" schemaName="adx_organizationname" displayName="Organization Name" parentSchemaName="contact" parentDisplayName="Contact" solution="MicrosoftCrmPortalDependencies (8.1.0004)" />
        <Dependent key="50" type="2" schemaName="adx_organizationname" displayName="Organization Name" parentSchemaName="contact" parentDisplayName="Contact" />
      </MissingDependency>
      <MissingDependency>
        <Required key="51" type="2" schemaName="adx_contactid" displayName="Contact" parentSchemaName="adx_pollsubmission" parentDisplayName="Poll Submission" solution="MicrosoftCrmPortalBase (8.1.0009)" />
        <Dependent key="51" type="2" schemaName="adx_contactid" displayName="Contact" parentSchemaName="adx_pollsubmission" parentDisplayName="Poll Submission" />
      </MissingDependency>
      <MissingDependency>
        <Required key="52" type="2" schemaName="adx_identity_twofactorenabled" displayName="Two Factor Enabled" parentSchemaName="contact" parentDisplayName="Contact" solution="MicrosoftIdentity (8.1.0002)" />
        <Dependent key="52" type="2" schemaName="adx_identity_twofactorenabled" displayName="Two Factor Enabled" parentSchemaName="contact" parentDisplayName="Contact" />
      </MissingDependency>
      <MissingDependency>
        <Required key="53" type="2" schemaName="adx_invitercontact" displayName="Inviter" parentSchemaName="adx_invitation" parentDisplayName="Invitation" solution="MicrosoftCrmPortalBase (8.1.0009)" />
        <Dependent key="53" type="2" schemaName="adx_invitercontact" displayName="Inviter" parentSchemaName="adx_invitation" parentDisplayName="Invitation" />
      </MissingDependency>
      <MissingDependency>
        <Required key="54" type="2" schemaName="adx_recipient" displayName="Recipient" parentSchemaName="adx_forumnotification" parentDisplayName="Forum Notification" solution="MicrosoftForums (8.1.0004)" />
        <Dependent key="54" type="2" schemaName="adx_recipient" displayName="Recipient" parentSchemaName="adx_forumnotification" parentDisplayName="Forum Notification" />
      </MissingDependency>
      <MissingDependency>
        <Required key="55" type="2" schemaName="adx_profilealertinstructions" displayName="Profile Alert Instructions" parentSchemaName="contact" parentDisplayName="Contact" solution="MicrosoftCrmPortalBase (8.1.0009)" />
        <Dependent key="55" type="2" schemaName="adx_profilealertinstructions" displayName="Profile Alert Instructions" parentSchemaName="contact" parentDisplayName="Contact" />
      </MissingDependency>
      <MissingDependency>
        <Required key="56" type="2" schemaName="adx_subscriberid" displayName="Subscriber" parentSchemaName="adx_communityforumalert" parentDisplayName="Forum Alert" solution="MicrosoftForums (8.1.0004)" />
        <Dependent key="56" type="2" schemaName="adx_subscriberid" displayName="Subscriber" parentSchemaName="adx_communityforumalert" parentDisplayName="Forum Alert" />
      </MissingDependency>
      <MissingDependency>
        <Required key="57" type="2" schemaName="adx_recipient" displayName="Recipient" parentSchemaName="adx_pagenotification" parentDisplayName="Page Notification" solution="MicrosoftCrmPortalBase (8.1.0009)" />
        <Dependent key="57" type="2" schemaName="adx_recipient" displayName="Recipient" parentSchemaName="adx_pagenotification" parentDisplayName="Page Notification" />
      </MissingDependency>
      <MissingDependency>
        <Required key="58" type="2" schemaName="adx_createdbyusername" displayName="Created By Username" parentSchemaName="contact" parentDisplayName="Contact" solution="MicrosoftCrmPortalDependencies (8.1.0004)" />
        <Dependent key="58" type="2" schemaName="adx_createdbyusername" displayName="Created By Username" parentSchemaName="contact" parentDisplayName="Contact" />
      </MissingDependency>
      <MissingDependency>
        <Required key="59" type="2" schemaName="adx_identity_accessfailedcount" displayName="Access Failed Count" parentSchemaName="contact" parentDisplayName="Contact" solution="MicrosoftIdentity (8.1.0002)" />
        <Dependent key="59" type="2" schemaName="adx_identity_accessfailedcount" displayName="Access Failed Count" parentSchemaName="contact" parentDisplayName="Contact" />
      </MissingDependency>
      <MissingDependency>
        <Required key="60" type="2" schemaName="adx_contactid" displayName="Contact" parentSchemaName="adx_externalidentity" parentDisplayName="External Identity" solution="MicrosoftIdentity (8.1.0002)" />
        <Dependent key="60" type="2" schemaName="adx_contactid" displayName="Contact" parentSchemaName="adx_externalidentity" parentDisplayName="External Identity" />
      </MissingDependency>
      <MissingDependency>
        <Required key="61" type="2" schemaName="adx_redeemedcontact" displayName="Redeemed Contact" parentSchemaName="adx_invitation" parentDisplayName="Invitation" solution="MicrosoftCrmPortalBase (8.1.0009)" />
        <Dependent key="61" type="2" schemaName="adx_redeemedcontact" displayName="Redeemed Contact" parentSchemaName="adx_invitation" parentDisplayName="Invitation" />
      </MissingDependency>
      <MissingDependency>
        <Required key="62" type="2" schemaName="adx_contactid" displayName="User" parentSchemaName="adx_webfilelog" parentDisplayName="Web File Log" solution="MicrosoftCrmPortalBase (8.1.0009)" />
        <Dependent key="62" type="2" schemaName="adx_contactid" displayName="User" parentSchemaName="adx_webfilelog" parentDisplayName="Web File Log" />
      </MissingDependency>
      <MissingDependency>
        <Required key="63" type="2" schemaName="adx_profilealert" displayName="Profile Alert" parentSchemaName="contact" parentDisplayName="Contact" solution="MicrosoftCrmPortalBase (8.1.0009)" />
        <Dependent key="63" type="2" schemaName="adx_profilealert" displayName="Profile Alert" parentSchemaName="contact" parentDisplayName="Contact" />
      </MissingDependency>
      <MissingDependency>
        <Required key="64" type="2" schemaName="adx_profilelastactivity" displayName="Profile Last Activity" parentSchemaName="contact" parentDisplayName="Contact" solution="MicrosoftCrmPortalBase (8.1.0009)" />
        <Dependent key="64" type="2" schemaName="adx_profilelastactivity" displayName="Profile Last Activity" parentSchemaName="contact" parentDisplayName="Contact" />
      </MissingDependency>
      <MissingDependency>
        <Required key="65" type="2" schemaName="adx_identity_passwordhash" displayName="Password Hash" parentSchemaName="contact" parentDisplayName="Contact" solution="MicrosoftIdentity (8.1.0002)" />
        <Dependent key="65" type="2" schemaName="adx_identity_passwordhash" displayName="Password Hash" parentSchemaName="contact" parentDisplayName="Contact" />
      </MissingDependency>
      <MissingDependency>
        <Required key="66" type="2" schemaName="adx_contactid" displayName="User" parentSchemaName="adx_webpagelog" parentDisplayName="Web Page Log" solution="MicrosoftCrmPortalBase (8.1.0009)" />
        <Dependent key="66" type="2" schemaName="adx_contactid" displayName="User" parentSchemaName="adx_webpagelog" parentDisplayName="Web Page Log" />
      </MissingDependency>
      <MissingDependency>
        <Required key="67" type="2" schemaName="adx_authorid" displayName="Author" parentSchemaName="adx_webpage" parentDisplayName="Web Page" solution="MicrosoftCrmPortalDependencies (8.1.0004)" />
        <Dependent key="67" type="2" schemaName="adx_authorid" displayName="Author" parentSchemaName="adx_webpage" parentDisplayName="Web Page" />
      </MissingDependency>
      <MissingDependency>
        <Required key="68" type="2" schemaName="adx_subscriberid" displayName="Subscriber" parentSchemaName="adx_pagealert" parentDisplayName="Page Alert" solution="MicrosoftCrmPortalBase (8.1.0009)" />
        <Dependent key="68" type="2" schemaName="adx_subscriberid" displayName="Subscriber" parentSchemaName="adx_pagealert" parentDisplayName="Page Alert" />
      </MissingDependency>
      <MissingDependency>
        <Required key="69" type="2" schemaName="adx_profileisanonymous" displayName="Profile Is Anonymous" parentSchemaName="contact" parentDisplayName="Contact" solution="MicrosoftCrmPortalBase (8.1.0009)" />
        <Dependent key="69" type="2" schemaName="adx_profileisanonymous" displayName="Profile Is Anonymous" parentSchemaName="contact" parentDisplayName="Contact" />
      </MissingDependency>
      <MissingDependency>
        <Required key="70" type="2" schemaName="adx_identity_securitystamp" displayName="Security Stamp" parentSchemaName="contact" parentDisplayName="Contact" solution="MicrosoftIdentity (8.1.0002)" />
        <Dependent key="70" type="2" schemaName="adx_identity_securitystamp" displayName="Security Stamp" parentSchemaName="contact" parentDisplayName="Contact" />
      </MissingDependency>
      <MissingDependency>
        <Required key="71" type="2" schemaName="adx_contact" displayName="Contact" parentSchemaName="adx_webformsession" parentDisplayName="Web Form Session" solution="MicrosoftWebForms (8.1.0005)" />
        <Dependent key="71" type="2" schemaName="adx_contact" displayName="Contact" parentSchemaName="adx_webformsession" parentDisplayName="Web Form Session" />
      </MissingDependency>
      <MissingDependency>
        <Required key="72" type="2" schemaName="adx_identity_mobilephoneconfirmed" displayName="Mobile Phone Confirmed" parentSchemaName="contact" parentDisplayName="Contact" solution="MicrosoftIdentity (8.1.0002)" />
        <Dependent key="72" type="2" schemaName="adx_identity_mobilephoneconfirmed" displayName="Mobile Phone Confirmed" parentSchemaName="contact" parentDisplayName="Contact" />
      </MissingDependency>
      <MissingDependency>
        <Required key="73" type="2" schemaName="adx_profilemodifiedon" displayName="Profile Modified On" parentSchemaName="contact" parentDisplayName="Contact" solution="MicrosoftCrmPortalBase (8.1.0009)" />
        <Dependent key="73" type="2" schemaName="adx_profilemodifiedon" displayName="Profile Modified On" parentSchemaName="contact" parentDisplayName="Contact" />
      </MissingDependency>
      <MissingDependency>
        <Required key="74" type="2" schemaName="adx_identity_lockoutenabled" displayName="Lockout Enabled" parentSchemaName="contact" parentDisplayName="Contact" solution="MicrosoftIdentity (8.1.0002)" />
        <Dependent key="74" type="2" schemaName="adx_identity_lockoutenabled" displayName="Lockout Enabled" parentSchemaName="contact" parentDisplayName="Contact" />
      </MissingDependency>
      <MissingDependency>
        <Required key="75" type="2" schemaName="adx_createdbyipaddress" displayName="Created By IP Address" parentSchemaName="contact" parentDisplayName="Contact" solution="MicrosoftCrmPortalDependencies (8.1.0004)" />
        <Dependent key="75" type="2" schemaName="adx_createdbyipaddress" displayName="Created By IP Address" parentSchemaName="contact" parentDisplayName="Contact" />
      </MissingDependency>
      <MissingDependency>
        <Required key="76" type="2" schemaName="adx_publicprofilecopy" displayName="Public Profile Copy" parentSchemaName="contact" parentDisplayName="Contact" solution="MicrosoftCrmPortalBase (8.1.0009)" />
        <Dependent key="76" type="2" schemaName="adx_publicprofilecopy" displayName="Public Profile Copy" parentSchemaName="contact" parentDisplayName="Contact" />
      </MissingDependency>
      <MissingDependency>
        <Required key="77" type="2" schemaName="msa_partneroppid" displayName="Partner Contact" parentSchemaName="opportunity" parentDisplayName="Opportunity" solution="MicrosoftCrmPortalDependencies (8.1.0004)" />
        <Dependent key="77" type="2" schemaName="msa_partneroppid" displayName="Partner Contact" parentSchemaName="opportunity" parentDisplayName="Opportunity" />
      </MissingDependency>
      <MissingDependency>
        <Required key="78" type="2" schemaName="adx_authorid" displayName="Author" parentSchemaName="adx_communityforumpost" parentDisplayName="Forum Post" solution="MicrosoftForums (8.1.0004)" />
        <Dependent key="78" type="2" schemaName="adx_authorid" displayName="Author" parentSchemaName="adx_communityforumpost" parentDisplayName="Forum Post" />
      </MissingDependency>
      <MissingDependency>
        <Required key="79" type="2" schemaName="adx_changedbyid" displayName="Changed By" parentSchemaName="adx_webpagehistory" parentDisplayName="Web Page History" solution="MicrosoftCrmPortalBase (8.1.0009)" />
        <Dependent key="79" type="2" schemaName="adx_changedbyid" displayName="Changed By" parentSchemaName="adx_webpagehistory" parentDisplayName="Web Page History" />
      </MissingDependency>
      <MissingDependency>
        <Required key="80" type="2" schemaName="adx_invitecontact" displayName="Invite Contact" parentSchemaName="adx_invitation" parentDisplayName="Invitation" solution="MicrosoftCrmPortalBase (8.1.0009)" />
        <Dependent key="80" type="2" schemaName="adx_invitecontact" displayName="Invite Contact" parentSchemaName="adx_invitation" parentDisplayName="Invitation" />
      </MissingDependency>
      <MissingDependency>
        <Required key="81" type="2" schemaName="adx_identity_emailaddress1confirmed" displayName="Email Confirmed" parentSchemaName="contact" parentDisplayName="Contact" solution="MicrosoftIdentity (8.1.0002)" />
        <Dependent key="81" type="2" schemaName="adx_identity_emailaddress1confirmed" displayName="Email Confirmed" parentSchemaName="contact" parentDisplayName="Contact" />
      </MissingDependency>
      <MissingDependency>
        <Required key="82" type="2" schemaName="adx_authorid" displayName="Author" parentSchemaName="adx_communityforumannouncement" parentDisplayName="Forum Announcement" solution="MicrosoftForums (8.1.0004)" />
        <Dependent key="82" type="2" schemaName="adx_authorid" displayName="Author" parentSchemaName="adx_communityforumannouncement" parentDisplayName="Forum Announcement" />
      </MissingDependency>
      <MissingDependency>
        <Required key="83" type="2" schemaName="adx_createdbyusername" displayName="Created By Username" parentSchemaName="incident" parentDisplayName="Case" solution="MicrosoftCrmPortalDependencies (8.1.0004)" />
        <Dependent key="83" type="2" schemaName="adx_createdbyusername" displayName="Created By Username" parentSchemaName="incident" parentDisplayName="Case" />
      </MissingDependency>
      <MissingDependency>
        <Required key="84" type="2" schemaName="createdon" displayName="Date Created" parentSchemaName="adx_portalcomment" parentDisplayName="Portal Comment" solution="PortalTimeline (8.1.0005)" />
        <Dependent key="84" type="2" schemaName="createdon" displayName="Date Created" parentSchemaName="adx_portalcomment" parentDisplayName="Portal Comment" />
      </MissingDependency>
      <MissingDependency>
        <Required key="85" type="2" schemaName="subject" displayName="Subject" parentSchemaName="adx_portalcomment" parentDisplayName="Portal Comment" solution="PortalTimeline (8.1.0005)" />
        <Dependent key="85" type="2" schemaName="subject" displayName="Subject" parentSchemaName="adx_portalcomment" parentDisplayName="Portal Comment" />
      </MissingDependency>
      <MissingDependency>
        <Required key="86" type="2" schemaName="subject" displayName="Subject" parentSchemaName="adx_inviteredemption" parentDisplayName="Invite Redemption" solution="MicrosoftCrmPortalBase (8.1.0009)" />
        <Dependent key="86" type="2" schemaName="subject" displayName="Subject" parentSchemaName="adx_inviteredemption" parentDisplayName="Invite Redemption" />
      </MissingDependency>
      <MissingDependency>
        <Required key="87" type="2" schemaName="adx_modifiedbyusername" displayName="Modified By Username" parentSchemaName="incident" parentDisplayName="Case" solution="MicrosoftCrmPortalDependencies (8.1.0004)" />
        <Dependent key="87" type="2" schemaName="adx_modifiedbyusername" displayName="Modified By Username" parentSchemaName="incident" parentDisplayName="Case" />
      </MissingDependency>
      <MissingDependency>
        <Required key="88" type="2" schemaName="msa_partnerid" displayName="Partner" parentSchemaName="incident" parentDisplayName="Case" solution="MicrosoftCrmPortalDependencies (8.1.0004)" />
        <Dependent key="88" type="2" schemaName="msa_partnerid" displayName="Partner" parentSchemaName="incident" parentDisplayName="Case" />
      </MissingDependency>
      <MissingDependency>
        <Required key="89" type="2" schemaName="adx_resolution" displayName="Resolution" parentSchemaName="incident" parentDisplayName="Case" solution="CustomerService (8.1.0002)" />
        <Dependent key="89" type="2" schemaName="adx_resolution" displayName="Resolution" parentSchemaName="incident" parentDisplayName="Case" />
      </MissingDependency>
      <MissingDependency>
        <Required key="90" type="2" schemaName="adx_modifiedbyipaddress" displayName="Modified By IP Address" parentSchemaName="incident" parentDisplayName="Case" solution="MicrosoftCrmPortalDependencies (8.1.0004)" />
        <Dependent key="90" type="2" schemaName="adx_modifiedbyipaddress" displayName="Modified By IP Address" parentSchemaName="incident" parentDisplayName="Case" />
      </MissingDependency>
      <MissingDependency>
        <Required key="91" type="2" schemaName="adx_stepstoreproduce" displayName="Steps to Reproduce" parentSchemaName="incident" parentDisplayName="Case" solution="CustomerService (8.1.0002)" />
        <Dependent key="91" type="2" schemaName="adx_stepstoreproduce" displayName="Steps to Reproduce" parentSchemaName="incident" parentDisplayName="Case" />
      </MissingDependency>
      <MissingDependency>
        <Required key="92" type="2" schemaName="adx_resolutiondate" displayName="Resolution Date" parentSchemaName="incident" parentDisplayName="Case" solution="CustomerService (8.1.0002)" />
        <Dependent key="92" type="2" schemaName="adx_resolutiondate" displayName="Resolution Date" parentSchemaName="incident" parentDisplayName="Case" />
      </MissingDependency>
      <MissingDependency>
        <Required key="93" type="2" schemaName="msa_partnercontactid" displayName="Partner Contact" parentSchemaName="incident" parentDisplayName="Case" solution="MicrosoftCrmPortalDependencies (8.1.0004)" />
        <Dependent key="93" type="2" schemaName="msa_partnercontactid" displayName="Partner Contact" parentSchemaName="incident" parentDisplayName="Case" />
      </MissingDependency>
      <MissingDependency>
        <Required key="94" type="10" schemaName="msa_account_incident" displayName="msa_account_incident" parentSchemaName="incident" parentDisplayName="Case" solution="MicrosoftCrmPortalDependencies (8.1.0004)" />
        <Dependent key="94" type="10" schemaName="msa_account_incident" displayName="msa_account_incident" parentSchemaName="incident" parentDisplayName="Case" />
      </MissingDependency>
      <MissingDependency>
        <Required key="95" type="10" schemaName="msa_contact_incident" displayName="msa_contact_incident" parentSchemaName="incident" parentDisplayName="Case" solution="MicrosoftCrmPortalDependencies (8.1.0004)" />
        <Dependent key="95" type="10" schemaName="msa_contact_incident" displayName="msa_contact_incident" parentSchemaName="incident" parentDisplayName="Case" />
      </MissingDependency>
      <MissingDependency>
        <Required key="96" type="9" schemaName="adx_incident_adx_publishtoweb" displayName="Publish to Web" solution="CustomerService (8.1.0002)" />
        <Dependent key="96" type="9" schemaName="adx_incident_adx_publishtoweb" displayName="Publish to Web" />
      </MissingDependency>
      <MissingDependency>
        <Required key="97" type="10" schemaName="adx_invitation_invitercontact" displayName="adx_invitation_invitercontact" parentSchemaName="adx_invitation" parentDisplayName="Invitation" solution="MicrosoftCrmPortalBase (8.1.0009)" />
        <Dependent key="98" type="2" schemaName="adx_invitercontactname" parentSchemaName="adx_invitation" parentDisplayName="Invitation" />
      </MissingDependency>
      <MissingDependency>
        <Required key="94" type="10" schemaName="msa_account_incident" displayName="msa_account_incident" parentSchemaName="incident" parentDisplayName="Case" solution="MicrosoftCrmPortalDependencies (8.1.0004)" />
        <Dependent key="99" type="2" schemaName="msa_partneridyominame" parentSchemaName="incident" parentDisplayName="Case" />
      </MissingDependency>
      <MissingDependency>
        <Required key="100" type="10" schemaName="adx_invitation_redeemedContact" displayName="adx_invitation_redeemedContact" parentSchemaName="adx_invitation" parentDisplayName="Invitation" solution="MicrosoftCrmPortalBase (8.1.0009)" />
        <Dependent key="101" type="2" schemaName="adx_redeemedcontactname" parentSchemaName="adx_invitation" parentDisplayName="Invitation" />
      </MissingDependency>
      <MissingDependency>
        <Required key="102" type="10" schemaName="msa_contact_managingpartner" displayName="msa_contact_managingpartner" parentSchemaName="contact" parentDisplayName="Contact" solution="MicrosoftCrmPortalDependencies (8.1.0004)" />
        <Dependent key="103" type="2" schemaName="msa_managingpartneridname" parentSchemaName="contact" parentDisplayName="Contact" />
      </MissingDependency>
      <MissingDependency>
        <Required key="95" type="10" schemaName="msa_contact_incident" displayName="msa_contact_incident" parentSchemaName="incident" parentDisplayName="Case" solution="MicrosoftCrmPortalDependencies (8.1.0004)" />
        <Dependent key="104" type="2" schemaName="msa_partnercontactidyominame" parentSchemaName="incident" parentDisplayName="Case" />
      </MissingDependency>
      <MissingDependency>
        <Required key="105" type="10" schemaName="msa_contact_opportunity" displayName="msa_contact_opportunity" parentSchemaName="opportunity" parentDisplayName="Opportunity" solution="MicrosoftCrmPortalDependencies (8.1.0004)" />
        <Dependent key="106" type="2" schemaName="msa_partneroppidname" parentSchemaName="opportunity" parentDisplayName="Opportunity" />
      </MissingDependency>
      <MissingDependency>
        <Required key="95" type="10" schemaName="msa_contact_incident" displayName="msa_contact_incident" parentSchemaName="incident" parentDisplayName="Case" solution="MicrosoftCrmPortalDependencies (8.1.0004)" />
        <Dependent key="107" type="2" schemaName="msa_partnercontactidname" parentSchemaName="incident" parentDisplayName="Case" />
      </MissingDependency>
      <MissingDependency>
        <Required key="108" type="10" schemaName="adx_invitation_invitecontact" displayName="adx_invitation_invitecontact" parentSchemaName="adx_invitation" parentDisplayName="Invitation" solution="MicrosoftCrmPortalBase (8.1.0009)" />
        <Dependent key="109" type="2" schemaName="adx_invitecontactname" parentSchemaName="adx_invitation" parentDisplayName="Invitation" />
      </MissingDependency>
      <MissingDependency>
        <Required key="94" type="10" schemaName="msa_account_incident" displayName="msa_account_incident" parentSchemaName="incident" parentDisplayName="Case" solution="MicrosoftCrmPortalDependencies (8.1.0004)" />
        <Dependent key="110" type="2" schemaName="msa_partneridname" parentSchemaName="incident" parentDisplayName="Case" />
      </MissingDependency>
      <MissingDependency>
        <Required key="111" type="10" schemaName="adx_contact_externalidentity" displayName="adx_contact_externalidentity" parentSchemaName="adx_externalidentity" parentDisplayName="External Identity" solution="MicrosoftIdentity (8.1.0002)" />
        <Dependent key="112" type="60" displayName="Portal Contact" parentDisplayName="Contact" id="{3fb651a5-cdbf-46c9-87fb-d2c748662bb8}" />
      </MissingDependency>
      <MissingDependency>
        <Required key="100" type="10" schemaName="adx_invitation_redeemedContact" displayName="adx_invitation_redeemedContact" parentSchemaName="adx_invitation" parentDisplayName="Invitation" solution="MicrosoftCrmPortalBase (8.1.0009)" />
        <Dependent key="100" type="10" schemaName="adx_invitation_redeemedContact" displayName="adx_invitation_redeemedContact" parentSchemaName="adx_invitation" parentDisplayName="Invitation" />
      </MissingDependency>
      <MissingDependency>
        <Required key="113" type="10" schemaName="adx_forum_activityalert" displayName="adx_forum_activityalert" parentSchemaName="adx_communityforum" parentDisplayName="Forum" solution="MicrosoftForums (8.1.0004)" />
        <Dependent key="113" type="10" schemaName="adx_forum_activityalert" displayName="adx_forum_activityalert" parentSchemaName="adx_communityforum" parentDisplayName="Forum" />
      </MissingDependency>
      <MissingDependency>
        <Required key="114" type="10" schemaName="adx_contact_communityforumannouncement" displayName="adx_contact_communityforumannouncement" parentSchemaName="adx_communityforumannouncement" parentDisplayName="Forum Announcement" solution="MicrosoftForums (8.1.0004)" />
        <Dependent key="114" type="10" schemaName="adx_contact_communityforumannouncement" displayName="adx_contact_communityforumannouncement" parentSchemaName="adx_communityforumannouncement" parentDisplayName="Forum Announcement" />
      </MissingDependency>
      <MissingDependency>
        <Required key="97" type="10" schemaName="adx_invitation_invitercontact" displayName="adx_invitation_invitercontact" parentSchemaName="adx_invitation" parentDisplayName="Invitation" solution="MicrosoftCrmPortalBase (8.1.0009)" />
        <Dependent key="97" type="10" schemaName="adx_invitation_invitercontact" displayName="adx_invitation_invitercontact" parentSchemaName="adx_invitation" parentDisplayName="Invitation" />
      </MissingDependency>
      <MissingDependency>
        <Required key="105" type="10" schemaName="msa_contact_opportunity" displayName="msa_contact_opportunity" parentSchemaName="opportunity" parentDisplayName="Opportunity" solution="MicrosoftCrmPortalDependencies (8.1.0004)" />
        <Dependent key="105" type="10" schemaName="msa_contact_opportunity" displayName="msa_contact_opportunity" parentSchemaName="opportunity" parentDisplayName="Opportunity" />
      </MissingDependency>
      <MissingDependency>
        <Required key="115" type="10" schemaName="adx_communityforumthread_contact" displayName="adx_communityforumthread_contact" parentSchemaName="adx_communityforumthread" parentDisplayName="Forum Thread" solution="MicrosoftForums (8.1.0004)" />
        <Dependent key="115" type="10" schemaName="adx_communityforumthread_contact" displayName="adx_communityforumthread_contact" parentSchemaName="adx_communityforumthread" parentDisplayName="Forum Thread" />
      </MissingDependency>
      <MissingDependency>
        <Required key="116" type="10" schemaName="adx_webformsession_contact" displayName="adx_webformsession_contact" parentSchemaName="adx_webformsession" parentDisplayName="Web Form Session" solution="MicrosoftWebForms (8.1.0005)" />
        <Dependent key="116" type="10" schemaName="adx_webformsession_contact" displayName="adx_webformsession_contact" parentSchemaName="adx_webformsession" parentDisplayName="Web Form Session" />
      </MissingDependency>
      <MissingDependency>
        <Required key="117" type="10" schemaName="adx_invitation_redeemedcontacts" displayName="adx_invitation_redeemedcontacts" parentSchemaName="adx_invitation" parentDisplayName="Invitation" solution="MicrosoftCrmPortalBase (8.1.0009)" />
        <Dependent key="117" type="10" schemaName="adx_invitation_redeemedcontacts" displayName="adx_invitation_redeemedcontacts" parentSchemaName="adx_invitation" parentDisplayName="Invitation" />
      </MissingDependency>
      <MissingDependency>
        <Required key="111" type="10" schemaName="adx_contact_externalidentity" displayName="adx_contact_externalidentity" parentSchemaName="adx_externalidentity" parentDisplayName="External Identity" solution="MicrosoftIdentity (8.1.0002)" />
        <Dependent key="111" type="10" schemaName="adx_contact_externalidentity" displayName="adx_contact_externalidentity" parentSchemaName="adx_externalidentity" parentDisplayName="External Identity" />
      </MissingDependency>
      <MissingDependency>
        <Required key="118" type="10" schemaName="adx_contact_webfilelog" displayName="adx_contact_webfilelog" parentSchemaName="adx_webfilelog" parentDisplayName="Web File Log" solution="MicrosoftCrmPortalBase (8.1.0009)" />
        <Dependent key="118" type="10" schemaName="adx_contact_webfilelog" displayName="adx_contact_webfilelog" parentSchemaName="adx_webfilelog" parentDisplayName="Web File Log" />
      </MissingDependency>
      <MissingDependency>
        <Required key="108" type="10" schemaName="adx_invitation_invitecontact" displayName="adx_invitation_invitecontact" parentSchemaName="adx_invitation" parentDisplayName="Invitation" solution="MicrosoftCrmPortalBase (8.1.0009)" />
        <Dependent key="108" type="10" schemaName="adx_invitation_invitecontact" displayName="adx_invitation_invitecontact" parentSchemaName="adx_invitation" parentDisplayName="Invitation" />
      </MissingDependency>
      <MissingDependency>
        <Required key="119" type="10" schemaName="adx_changedcontact_webpagehistory" displayName="adx_changedcontact_webpagehistory" parentSchemaName="adx_webpagehistory" parentDisplayName="Web Page History" solution="MicrosoftCrmPortalBase (8.1.0009)" />
        <Dependent key="119" type="10" schemaName="adx_changedcontact_webpagehistory" displayName="adx_changedcontact_webpagehistory" parentSchemaName="adx_webpagehistory" parentDisplayName="Web Page History" />
      </MissingDependency>
      <MissingDependency>
        <Required key="120" type="10" schemaName="adx_contact_webpagelog" displayName="adx_contact_webpagelog" parentSchemaName="adx_webpagelog" parentDisplayName="Web Page Log" solution="MicrosoftCrmPortalBase (8.1.0009)" />
        <Dependent key="120" type="10" schemaName="adx_contact_webpagelog" displayName="adx_contact_webpagelog" parentSchemaName="adx_webpagelog" parentDisplayName="Web Page Log" />
      </MissingDependency>
      <MissingDependency>
        <Required key="121" type="10" schemaName="adx_invitation_invitecontacts" displayName="adx_invitation_invitecontacts" parentSchemaName="adx_invitation" parentDisplayName="Invitation" solution="MicrosoftCrmPortalBase (8.1.0009)" />
        <Dependent key="121" type="10" schemaName="adx_invitation_invitecontacts" displayName="adx_invitation_invitecontacts" parentSchemaName="adx_invitation" parentDisplayName="Invitation" />
      </MissingDependency>
      <MissingDependency>
        <Required key="122" type="10" schemaName="adx_contact_communityforumpost" displayName="adx_contact_communityforumpost" parentSchemaName="adx_communityforumpost" parentDisplayName="Forum Post" solution="MicrosoftForums (8.1.0004)" />
        <Dependent key="122" type="10" schemaName="adx_contact_communityforumpost" displayName="adx_contact_communityforumpost" parentSchemaName="adx_communityforumpost" parentDisplayName="Forum Post" />
      </MissingDependency>
      <MissingDependency>
        <Required key="123" type="10" schemaName="adx_contact_communityforumalert" displayName="adx_contact_communityforumalert" parentSchemaName="adx_communityforumalert" parentDisplayName="Forum Alert" solution="MicrosoftForums (8.1.0004)" />
        <Dependent key="123" type="10" schemaName="adx_contact_communityforumalert" displayName="adx_contact_communityforumalert" parentSchemaName="adx_communityforumalert" parentDisplayName="Forum Alert" />
      </MissingDependency>
      <MissingDependency>
        <Required key="102" type="10" schemaName="msa_contact_managingpartner" displayName="msa_contact_managingpartner" parentSchemaName="contact" parentDisplayName="Contact" solution="MicrosoftCrmPortalDependencies (8.1.0004)" />
        <Dependent key="102" type="10" schemaName="msa_contact_managingpartner" displayName="msa_contact_managingpartner" parentSchemaName="contact" parentDisplayName="Contact" />
      </MissingDependency>
      <MissingDependency>
        <Required key="124" type="10" schemaName="adx_contact_pollsubmission" displayName="adx_contact_pollsubmission" parentSchemaName="adx_pollsubmission" parentDisplayName="Poll Submission" solution="MicrosoftCrmPortalBase (8.1.0009)" />
        <Dependent key="124" type="10" schemaName="adx_contact_pollsubmission" displayName="adx_contact_pollsubmission" parentSchemaName="adx_pollsubmission" parentDisplayName="Poll Submission" />
      </MissingDependency>
      <MissingDependency>
        <Required key="125" type="10" schemaName="adx_subscribercontact_pagealert" displayName="adx_subscribercontact_pagealert" parentSchemaName="adx_pagealert" parentDisplayName="Page Alert" solution="MicrosoftCrmPortalBase (8.1.0009)" />
        <Dependent key="125" type="10" schemaName="adx_subscribercontact_pagealert" displayName="adx_subscribercontact_pagealert" parentSchemaName="adx_pagealert" parentDisplayName="Page Alert" />
      </MissingDependency>
      <MissingDependency>
        <Required key="126" type="10" schemaName="adx_contact_forumnotification" displayName="adx_contact_forumnotification" parentSchemaName="adx_forumnotification" parentDisplayName="Forum Notification" solution="MicrosoftForums (8.1.0004)" />
        <Dependent key="126" type="10" schemaName="adx_contact_forumnotification" displayName="adx_contact_forumnotification" parentSchemaName="adx_forumnotification" parentDisplayName="Forum Notification" />
      </MissingDependency>
      <MissingDependency>
        <Required key="127" type="10" schemaName="adx_contact_pagenotification" displayName="adx_contact_pagenotification" parentSchemaName="adx_pagenotification" parentDisplayName="Page Notification" solution="MicrosoftCrmPortalBase (8.1.0009)" />
        <Dependent key="127" type="10" schemaName="adx_contact_pagenotification" displayName="adx_contact_pagenotification" parentSchemaName="adx_pagenotification" parentDisplayName="Page Notification" />
      </MissingDependency>
      <MissingDependency>
        <Required key="128" type="10" schemaName="adx_contact_webpage" displayName="adx_contact_webpage" parentSchemaName="adx_webpage" parentDisplayName="Web Page" solution="MicrosoftCrmPortalDependencies (8.1.0004)" />
        <Dependent key="128" type="10" schemaName="adx_contact_webpage" displayName="adx_contact_webpage" parentSchemaName="adx_webpage" parentDisplayName="Web Page" />
      </MissingDependency>
      <MissingDependency>
        <Required key="129" type="10" schemaName="adx_webrole_contact" displayName="adx_webrole_contact" parentSchemaName="adx_webrole" parentDisplayName="Web Role" solution="MicrosoftCrmPortalDependencies (8.1.0004)" />
        <Dependent key="129" type="10" schemaName="adx_webrole_contact" displayName="adx_webrole_contact" parentSchemaName="adx_webrole" parentDisplayName="Web Role" />
      </MissingDependency>
      <MissingDependency>
        <Required key="130" type="26" schemaName="Web - Entitlements" displayName="Web - Entitlements" parentSchemaName="entitlement" parentDisplayName="Entitlement" solution="CustomerService (8.1.0002)" id="{71561ac1-85ef-e511-80de-00155d20df09}" />
        <Dependent key="131" type="60" displayName="Web - Case" parentDisplayName="Case" id="{a77e85f5-22cb-4e4a-9e79-4afe48c31363}" />
      </MissingDependency>
      <MissingDependency>
        <Required key="132" type="26" schemaName="Web - Products" displayName="Web - Products" parentSchemaName="product" parentDisplayName="Product" solution="CustomerService (8.1.0002)" id="{8e5fb400-bed4-e511-80d5-00155d20df09}" />
        <Dependent key="133" type="60" displayName="Web - Create Case" parentDisplayName="Case" id="{0006be86-f1ff-40e8-91b1-f217e7e992a5}" />
      </MissingDependency>
      <MissingDependency>
        <Required key="130" type="26" schemaName="Web - Entitlements" displayName="Web - Entitlements" parentSchemaName="entitlement" parentDisplayName="Entitlement" solution="CustomerService (8.1.0002)" id="{71561ac1-85ef-e511-80de-00155d20df09}" />
        <Dependent key="133" type="60" displayName="Web - Create Case" parentDisplayName="Case" id="{0006be86-f1ff-40e8-91b1-f217e7e992a5}" />
      </MissingDependency>
      <MissingDependency>
        <Required key="132" type="26" schemaName="Web - Products" displayName="Web - Products" parentSchemaName="product" parentDisplayName="Product" solution="CustomerService (8.1.0002)" id="{8e5fb400-bed4-e511-80d5-00155d20df09}" />
        <Dependent key="134" type="60" displayName="Web - Edit Case" parentDisplayName="Case" id="{5d8a0114-f769-43e5-ac5d-e540bf0d646d}" />
      </MissingDependency>
      <MissingDependency>
        <Required key="130" type="26" schemaName="Web - Entitlements" displayName="Web - Entitlements" parentSchemaName="entitlement" parentDisplayName="Entitlement" solution="CustomerService (8.1.0002)" id="{71561ac1-85ef-e511-80de-00155d20df09}" />
        <Dependent key="134" type="60" displayName="Web - Edit Case" parentDisplayName="Case" id="{5d8a0114-f769-43e5-ac5d-e540bf0d646d}" />
      </MissingDependency>
      <MissingDependency>
        <Required key="135" type="26" schemaName="Active External Identities" displayName="Active External Identities" parentSchemaName="adx_externalidentity" parentDisplayName="External Identity" solution="MicrosoftIdentity (8.1.0002)" id="{93fe9ed1-cabf-4755-9f63-4f3f989084e6}" />
        <Dependent key="112" type="60" displayName="Portal Contact" parentDisplayName="Contact" id="{3fb651a5-cdbf-46c9-87fb-d2c748662bb8}" />
      </MissingDependency>
      <MissingDependency>
        <Required key="20" type="60" displayName="Information" parentDisplayName="Invite Redemption" solution="MicrosoftCrmPortalBase (8.1.0009)" id="{b667659d-5d81-44ba-a6e6-bc68a58f8ff4}" />
        <Dependent key="20" type="60" displayName="Information" parentDisplayName="Invite Redemption" id="{b667659d-5d81-44ba-a6e6-bc68a58f8ff4}" />
      </MissingDependency>
      <MissingDependency>
        <Required key="131" type="60" displayName="Web - Case" parentDisplayName="Case" solution="CustomerService (8.1.0002)" id="{a77e85f5-22cb-4e4a-9e79-4afe48c31363}" />
        <Dependent key="131" type="60" displayName="Web - Case" parentDisplayName="Case" id="{a77e85f5-22cb-4e4a-9e79-4afe48c31363}" />
      </MissingDependency>
      <MissingDependency>
        <Required key="112" type="60" displayName="Portal Contact" parentDisplayName="Contact" solution="MicrosoftCrmPortalDependencies (8.1.0004)" id="{3fb651a5-cdbf-46c9-87fb-d2c748662bb8}" />
        <Dependent key="112" type="60" displayName="Portal Contact" parentDisplayName="Contact" id="{3fb651a5-cdbf-46c9-87fb-d2c748662bb8}" />
      </MissingDependency>
      <MissingDependency>
        <Required key="136" type="60" displayName="Invite Web Form" parentDisplayName="Contact" solution="MicrosoftCrmPortalBase (8.1.0009)" id="{d6190b35-9474-4098-9698-33f6627eb3bf}" />
        <Dependent key="136" type="60" displayName="Invite Web Form" parentDisplayName="Contact" id="{d6190b35-9474-4098-9698-33f6627eb3bf}" />
      </MissingDependency>
      <MissingDependency>
        <Required key="137" type="60" displayName="Profile Web Form" parentDisplayName="Contact" solution="MicrosoftCrmPortalBase (8.1.0009)" id="{0bd832d5-9d6a-456d-bdc1-21129e82cc0f}" />
        <Dependent key="137" type="60" displayName="Profile Web Form" parentDisplayName="Contact" id="{0bd832d5-9d6a-456d-bdc1-21129e82cc0f}" />
      </MissingDependency>
      <MissingDependency>
        <Required key="32" type="60" displayName="Information" parentDisplayName="Portal Comment" solution="PortalTimeline (8.1.0005)" id="{743245d3-ef51-489e-a7e3-b7b0d683db03}" />
        <Dependent key="32" type="60" displayName="Information" parentDisplayName="Portal Comment" id="{743245d3-ef51-489e-a7e3-b7b0d683db03}" />
      </MissingDependency>
      <MissingDependency>
        <Required key="23" type="60" displayName="Portal Comment for interactive experiance" parentDisplayName="Portal Comment" solution="PortalTimeline (8.1.0005)" id="{16a535a3-5b32-4f80-b2c4-0eb5d5e5f8c3}" />
        <Dependent key="23" type="60" displayName="Portal Comment for interactive experiance" parentDisplayName="Portal Comment" id="{16a535a3-5b32-4f80-b2c4-0eb5d5e5f8c3}" />
      </MissingDependency>
      <MissingDependency>
        <Required key="138" type="60" displayName="Web Form" parentDisplayName="Case" solution="MicrosoftCrmPortalBase (8.1.0009)" id="{5878e0b9-5cdf-4515-92b8-b3a13ebfe502}" />
        <Dependent key="138" type="60" displayName="Web Form" parentDisplayName="Case" id="{5878e0b9-5cdf-4515-92b8-b3a13ebfe502}" />
      </MissingDependency>
      <MissingDependency>
        <Required key="134" type="60" displayName="Web - Edit Case" parentDisplayName="Case" solution="CustomerService (8.1.0002)" id="{5d8a0114-f769-43e5-ac5d-e540bf0d646d}" />
        <Dependent key="134" type="60" displayName="Web - Edit Case" parentDisplayName="Case" id="{5d8a0114-f769-43e5-ac5d-e540bf0d646d}" />
      </MissingDependency>
      <MissingDependency>
        <Required key="24" type="60" displayName="Portal Comment Reference Panel" parentDisplayName="Portal Comment" solution="PortalTimeline (8.1.0005)" id="{93f23977-38c9-4faf-9fd3-250d8741a22e}" />
        <Dependent key="24" type="60" displayName="Portal Comment Reference Panel" parentDisplayName="Portal Comment" id="{93f23977-38c9-4faf-9fd3-250d8741a22e}" />
      </MissingDependency>
      <MissingDependency>
        <Required key="30" type="60" displayName="Information" parentDisplayName="Invite Redemption" solution="MicrosoftCrmPortalBase (8.1.0009)" id="{cb274493-3e72-4937-b54f-ddee4b9ce082}" />
        <Dependent key="30" type="60" displayName="Information" parentDisplayName="Invite Redemption" id="{cb274493-3e72-4937-b54f-ddee4b9ce082}" />
      </MissingDependency>
      <MissingDependency>
        <Required key="22" type="60" displayName="Portal Comment" parentDisplayName="Portal Comment" solution="PortalTimeline (8.1.0005)" id="{757a4ace-c057-406d-b1a9-1849bf6e5cfa}" />
        <Dependent key="22" type="60" displayName="Portal Comment" parentDisplayName="Portal Comment" id="{757a4ace-c057-406d-b1a9-1849bf6e5cfa}" />
      </MissingDependency>
      <MissingDependency>
        <Required key="36" type="60" displayName="Information" parentDisplayName="Alert Subscription" solution="MicrosoftCrmPortalBase (8.1.0009)" id="{47cc4240-d6cb-4a2e-8951-508b2b9684f6}" />
        <Dependent key="36" type="60" displayName="Information" parentDisplayName="Alert Subscription" id="{47cc4240-d6cb-4a2e-8951-508b2b9684f6}" />
      </MissingDependency>
      <MissingDependency>
        <Required key="133" type="60" displayName="Web - Create Case" parentDisplayName="Case" solution="CustomerService (8.1.0002)" id="{0006be86-f1ff-40e8-91b1-f217e7e992a5}" />
        <Dependent key="133" type="60" displayName="Web - Create Case" parentDisplayName="Case" id="{0006be86-f1ff-40e8-91b1-f217e7e992a5}" />
      </MissingDependency>
      <MissingDependency>
        <Required key="27" type="60" displayName="Information" parentDisplayName="Alert Subscription" solution="MicrosoftCrmPortalBase (8.1.0009)" id="{df15c7f9-bd9a-4ab7-9a44-1e6c2b9fe699}" />
        <Dependent key="27" type="60" displayName="Information" parentDisplayName="Alert Subscription" id="{df15c7f9-bd9a-4ab7-9a44-1e6c2b9fe699}" />
      </MissingDependency>
      <MissingDependency>
        <Required key="139" type="61" schemaName="adx_identity/unlock_32.png" displayName="adx_identity/unlock_32.png" solution="MicrosoftIdentity (8.1.0002)" />
        <Dependent key="1" type="1" schemaName="adx_externalidentity" displayName="External Identity" />
      </MissingDependency>
      <MissingDependency>
        <Required key="140" type="61" schemaName="adx_identity/unlock_16.png" displayName="adx_identity/unlock_16.png" solution="MicrosoftIdentity (8.1.0002)" />
        <Dependent key="1" type="1" schemaName="adx_externalidentity" displayName="External Identity" />
      </MissingDependency>
      <MissingDependency>
        <Required key="141" type="61" schemaName="adx_portalcomment_form.js" displayName="adx_portalcomment_form.js" solution="PortalTimeline (8.1.0005)" />
        <Dependent key="22" type="60" displayName="Portal Comment" parentDisplayName="Portal Comment" id="{757a4ace-c057-406d-b1a9-1849bf6e5cfa}" />
      </MissingDependency>
      <MissingDependency>
        <Required key="142" type="61" schemaName="msa_adx_webpage_medium" displayName="msa_adx_webpage_medium" solution="MicrosoftCrmPortalDependencies (8.1.0004)" />
        <Dependent key="3" type="1" schemaName="adx_webpage" displayName="Web Page" />
      </MissingDependency>
      <MissingDependency>
        <Required key="143" type="61" schemaName="msa_adx_webpage_small" displayName="msa_adx_webpage_small" solution="MicrosoftCrmPortalDependencies (8.1.0004)" />
        <Dependent key="3" type="1" schemaName="adx_webpage" displayName="Web Page" />
      </MissingDependency>
      <MissingDependency>
        <Required key="144" type="61" schemaName="adx_icon_invitation_small" displayName="adx_icon_invitation_small" solution="MicrosoftCrmPortalBase (8.1.0009)" />
        <Dependent key="4" type="1" schemaName="adx_invitation" displayName="Invitation" />
      </MissingDependency>
      <MissingDependency>
        <Required key="145" type="61" schemaName="adx_icon_invitation_medium" displayName="adx_icon_invitation_medium" solution="MicrosoftCrmPortalBase (8.1.0009)" />
        <Dependent key="4" type="1" schemaName="adx_invitation" displayName="Invitation" />
      </MissingDependency>
      <MissingDependency>
        <Required key="144" type="61" schemaName="adx_icon_invitation_small" displayName="adx_icon_invitation_small" solution="MicrosoftCrmPortalBase (8.1.0009)" />
        <Dependent key="5" type="1" schemaName="adx_inviteredemption" displayName="Invite Redemption" />
      </MissingDependency>
      <MissingDependency>
        <Required key="145" type="61" schemaName="adx_icon_invitation_medium" displayName="adx_icon_invitation_medium" solution="MicrosoftCrmPortalBase (8.1.0009)" />
        <Dependent key="5" type="1" schemaName="adx_inviteredemption" displayName="Invite Redemption" />
      </MissingDependency>
      <MissingDependency>
        <Required key="146" type="61" schemaName="adx_icons/white/Community_32.png" displayName="adx_icons/white/Community_32.png" solution="MicrosoftForums (8.1.0004)" />
        <Dependent key="8" type="1" schemaName="adx_forumnotification" displayName="Forum Notification" />
      </MissingDependency>
      <MissingDependency>
        <Required key="147" type="61" schemaName="adx_icons/gray/Community_16.png" displayName="adx_icons/gray/Community_16.png" solution="MicrosoftForums (8.1.0004)" />
        <Dependent key="8" type="1" schemaName="adx_forumnotification" displayName="Forum Notification" />
      </MissingDependency>
      <MissingDependency>
        <Required key="146" type="61" schemaName="adx_icons/white/Community_32.png" displayName="adx_icons/white/Community_32.png" solution="MicrosoftForums (8.1.0004)" />
        <Dependent key="6" type="1" schemaName="adx_communityforumalert" displayName="Forum Alert" />
      </MissingDependency>
      <MissingDependency>
        <Required key="147" type="61" schemaName="adx_icons/gray/Community_16.png" displayName="adx_icons/gray/Community_16.png" solution="MicrosoftForums (8.1.0004)" />
        <Dependent key="6" type="1" schemaName="adx_communityforumalert" displayName="Forum Alert" />
      </MissingDependency>
      <MissingDependency>
        <Required key="148" type="61" schemaName="adx_icon_pagealert_small" displayName="adx_icon_pagealert_small" solution="MicrosoftCrmPortalBase (8.1.0009)" />
        <Dependent key="7" type="1" schemaName="adx_pagenotification" displayName="Page Notification" />
      </MissingDependency>
      <MissingDependency>
        <Required key="149" type="61" schemaName="adx_icon_pagealert_medium" displayName="adx_icon_pagealert_medium" solution="MicrosoftCrmPortalBase (8.1.0009)" />
        <Dependent key="7" type="1" schemaName="adx_pagenotification" displayName="Page Notification" />
      </MissingDependency>
      <MissingDependency>
        <Required key="150" type="61" schemaName="adx_icon_webpagehistory_small" displayName="adx_icon_webpagehistory_small" solution="MicrosoftCrmPortalBase (8.1.0009)" />
        <Dependent key="11" type="1" schemaName="adx_webpagehistory" displayName="Web Page History" />
      </MissingDependency>
      <MissingDependency>
        <Required key="151" type="61" schemaName="adx_icon_webpagehistory_medium" displayName="adx_icon_webpagehistory_medium" solution="MicrosoftCrmPortalBase (8.1.0009)" />
        <Dependent key="11" type="1" schemaName="adx_webpagehistory" displayName="Web Page History" />
      </MissingDependency>
      <MissingDependency>
        <Required key="151" type="61" schemaName="adx_icon_webpagehistory_medium" displayName="adx_icon_webpagehistory_medium" solution="MicrosoftCrmPortalBase (8.1.0009)" />
        <Dependent key="12" type="1" schemaName="adx_webpagelog" displayName="Web Page Log" />
      </MissingDependency>
      <MissingDependency>
        <Required key="150" type="61" schemaName="adx_icon_webpagehistory_small" displayName="adx_icon_webpagehistory_small" solution="MicrosoftCrmPortalBase (8.1.0009)" />
        <Dependent key="12" type="1" schemaName="adx_webpagelog" displayName="Web Page Log" />
      </MissingDependency>
      <MissingDependency>
        <Required key="152" type="61" schemaName="adx_Form_32.png" displayName="adx_Form_32.png" solution="MicrosoftWebForms (8.1.0005)" />
        <Dependent key="9" type="1" schemaName="adx_webformsession" displayName="Web Form Session" />
      </MissingDependency>
      <MissingDependency>
        <Required key="153" type="61" schemaName="adx_Form_16.png" displayName="adx_Form_16.png" solution="MicrosoftWebForms (8.1.0005)" />
        <Dependent key="9" type="1" schemaName="adx_webformsession" displayName="Web Form Session" />
      </MissingDependency>
      <MissingDependency>
        <Required key="154" type="61" schemaName="adx_icon_questionmark_small" displayName="adx_icon_questionmark_small" solution="MicrosoftCrmPortalBase (8.1.0009)" />
        <Dependent key="10" type="1" schemaName="adx_pollsubmission" displayName="Poll Submission" />
      </MissingDependency>
      <MissingDependency>
        <Required key="155" type="61" schemaName="adx_icon_questionmark_medium" displayName="adx_icon_questionmark_medium" solution="MicrosoftCrmPortalBase (8.1.0009)" />
        <Dependent key="10" type="1" schemaName="adx_pollsubmission" displayName="Poll Submission" />
      </MissingDependency>
      <MissingDependency>
        <Required key="156" type="61" schemaName="msa_icon_webfile_medium" displayName="msa_icon_webfile_medium" solution="MicrosoftCrmPortalDependencies (8.1.0004)" />
        <Dependent key="15" type="1" schemaName="adx_webfilelog" displayName="Web File Log" />
      </MissingDependency>
      <MissingDependency>
        <Required key="157" type="61" schemaName="msa_Adx_icon_webfile_small" displayName="msa_Adx_icon_webfile_small" solution="MicrosoftCrmPortalDependencies (8.1.0004)" />
        <Dependent key="15" type="1" schemaName="adx_webfilelog" displayName="Web File Log" />
      </MissingDependency>
      <MissingDependency>
        <Required key="146" type="61" schemaName="adx_icons/white/Community_32.png" displayName="adx_icons/white/Community_32.png" solution="MicrosoftForums (8.1.0004)" />
        <Dependent key="13" type="1" schemaName="adx_communityforumpost" displayName="Forum Post" />
      </MissingDependency>
      <MissingDependency>
        <Required key="147" type="61" schemaName="adx_icons/gray/Community_16.png" displayName="adx_icons/gray/Community_16.png" solution="MicrosoftForums (8.1.0004)" />
        <Dependent key="13" type="1" schemaName="adx_communityforumpost" displayName="Forum Post" />
      </MissingDependency>
      <MissingDependency>
        <Required key="158" type="61" schemaName="msdyn_/ActivityFeeds.Form.js" displayName="msdyn_/ActivityFeeds.Form.js" solution="ActivityFeedsCore (8.2.0.0)" />
        <Dependent key="159" type="60" displayName="Information" parentDisplayName="Case" id="{f658c846-f74c-459b-b591-b97558958106}" />
      </MissingDependency>
      <MissingDependency>
        <Required key="160" type="61" schemaName="msdyn_/RecordWall.htm" displayName="msdyn_/RecordWall.htm" solution="ActivityFeedsCore (8.2.0.0)" />
        <Dependent key="159" type="60" displayName="Information" parentDisplayName="Case" id="{f658c846-f74c-459b-b591-b97558958106}" />
      </MissingDependency>
      <MissingDependency>
        <Required key="148" type="61" schemaName="adx_icon_pagealert_small" displayName="adx_icon_pagealert_small" solution="MicrosoftCrmPortalBase (8.1.0009)" />
        <Dependent key="14" type="1" schemaName="adx_pagealert" displayName="Page Alert" />
      </MissingDependency>
      <MissingDependency>
        <Required key="149" type="61" schemaName="adx_icon_pagealert_medium" displayName="adx_icon_pagealert_medium" solution="MicrosoftCrmPortalBase (8.1.0009)" />
        <Dependent key="14" type="1" schemaName="adx_pagealert" displayName="Page Alert" />
      </MissingDependency>
      <MissingDependency>
        <Required key="147" type="61" schemaName="adx_icons/gray/Community_16.png" displayName="adx_icons/gray/Community_16.png" solution="MicrosoftForums (8.1.0004)" />
        <Dependent key="16" type="1" schemaName="adx_communityforumannouncement" displayName="Forum Announcement" />
      </MissingDependency>
      <MissingDependency>
        <Required key="146" type="61" schemaName="adx_icons/white/Community_32.png" displayName="adx_icons/white/Community_32.png" solution="MicrosoftForums (8.1.0004)" />
        <Dependent key="16" type="1" schemaName="adx_communityforumannouncement" displayName="Forum Announcement" />
      </MissingDependency>
    </MissingDependencies>
  </SolutionManifest>
</ImportExportXml>