<manifest><control namespace="MscrmControls.WebsitePreview" constructor="PreviewControl" version="1.0.1" display-name-key="CC_WebPreview_Name" description-key="CC_WebPreview_Desc" preview-image="img/preview.png"><modes><read /><edit /></modes><property name="value" display-name-key="CC_Field" description-key="CC_Field_Desc" of-type="SingleLine.URL" usage="bound" required="true" hidden="true" /><dependencies><dependency name="MscrmControls.FieldControls.UrlControl" /></dependencies><AvailableOn><web classic="disable" /><phone /><tablet /></AvailableOn><resources><library name="jquery" version="&gt;=2" order="1"><packaged_library path="libs/jquery-2.1.1.js" version="2.1.1" /></library><library name="mscommon" version="&gt;=1" order="2"><packaged_library path="libs/mscommonlib-1.0.0.js" version="1.2.1" /></library><code path="WebsitePreviewControl.js" order="3" /><css path="css/WebsitePreviewControl.css" order="4" /></resources></control></manifest>