<manifest><control namespace="MscrmControls.RadioOption" constructor="RadioOptionControl" version="1.0.0" display-name-key="CC_RadioOption_Name"><modes /><property name="value" display-name-key="CC_RadioOptionControl_Value" of-type="OptionSet" usage="bound" required="true" hidden="true"><doc description-key="CC_RadioOptionControl_Value_Desc" /></property><property name="outputParameter" display-name-key="CC_RadioOptionControl_OutputParameter" of-type="SingleLine.Text" usage="bound" required="true" hidden="true"><doc description-key="CC_RadioOptionControl_outputParameter_Desc" /></property><resources><code path="RadioOption.js" order="1" /></resources></control></manifest>