<manifest><control namespace="MscrmControls.Containers" constructor="QuickFormCardControl" version="1.0.0" display-name-key="CC_Quick_Form_Card" control-type="virtual" hidden="true"><modes></modes><property name="value" required="true" display-name-key="CC_Quick_Form_Card_Value" description-key="CC_Quick_Form_Card_Value_Desc" usage="bound" of-type="Form.QuickForm" /><property name="hideImage" required="false" display-name-key="CC_Quick_Form_Card_Hide_Image" description-key="CC_Quick_Form_Card_Hide_Image_Desc" usage="input" of-type="Whole.None" hidden="true" /><resources><library name="mscommon" version="&gt;=1" order="1"><packaged_library path="libs/mscommonlib-1.0.0.js" version="1.2.1" /></library><code path="QuickFormCardControl.js" order="2" /><resx path="strings/QuickForm.1033.resx" version="1.0.0" /></resources></control></manifest>