<manifest><control namespace="MscrmControls.BulletGraph" constructor="BulletGraphControl" version="1.0.2" display-name-key="CC_BulletGraph_Name" description-key="CC_BulletGraph_Desc" preview-image="img/preview.png"><modes><read /></modes><type-group name="numbers"><type>Whole.None</type><type>Currency</type><type>FP</type><type>Decimal</type></type-group><property name="value" display-name-key="CC_Value" description-key="CC_BulletGraph_Value_Desc" of-type-group="numbers" usage="bound" required="true" hidden="true" /><property name="min" display-name-key="CC_Min" description-key="CC_BulletGraph_Min_Desc" usage="input" of-type-group="numbers" required="true" hidden="false" /><property name="max" display-name-key="CC_Max" description-key="CC_BulletGraph_Max_Desc" usage="input" of-type-group="numbers" required="true" hidden="false" /><property name="good" display-name-key="CC_Good" description-key="CC_Good_Desc" usage="input" of-type-group="numbers" required="false" hidden="false" /><property name="bad" display-name-key="CC_Bad" description-key="CC_Bad_Desc" usage="input" of-type-group="numbers" required="false" hidden="false" /><property name="target" display-name-key="CC_Target" description-key="CC_Target_Desc" usage="input" of-type-group="numbers" required="true" hidden="false" /><AvailableOn><web classic="disable" /><phone /><tablet /></AvailableOn><resources><library name="jquery" version="&gt;=2" order="1"><packaged_library path="libs/jquery-2.1.1.js" version="2.1.1" /></library><library name="wijmo" version="&gt;=5" order="2"><packaged_library path="libs/wijmo.js" version="5.20172.328" /></library><library name="wijmo-gauge" version="&gt;=5" order="3"><packaged_library path="libs/wijmo.gauge.js" version="5.20172.328" /></library><library name="mscommon" version="&gt;=1" order="4"><packaged_library path="libs/mscommonlib-1.0.0.js" version="1.2.1" /></library><code path="BulletGraphControl.js" order="5" /><css path="css/wijmo.css" order="6" /><css path="css/crm.wijmo.bulletgraph.css" order="7" /><resx path="strings/BulletGraphControl.1033.resx" version="1.0.0" /></resources></control></manifest>