<manifest><control namespace="MscrmControls.KbSearchControl" constructor="KbSearchControl" version="1.0.3" display-name-key="KbSearchControl_Name" control-type="virtual" hidden="true"><modes></modes><type-group name="all"><type>Lookup.Simple</type><type>Lookup.Customer</type><type>Lookup.Owner</type><type>Lookup.Regarding</type><type>Multiple</type><type>SingleLine.Text</type><type>SingleLine.TextArea</type><type>SingleLine.Email</type><type>SingleLine.URL</type><type>SingleLine.Ticker</type><type>SingleLine.Phone</type></type-group><property name="value" required="true" display-name-key="KbSearchControl_Value" description-key="KbSearchControl_Value_Desc" usage="bound" of-type="SearchWidget" /><property name="AutoSuggestionField" display-name-key="AutoSuggestions_Field" of-type-group="all" usage="bound" required="false" hidden="true" /><resources><library name="mscommon" version="&gt;=1" order="1"><packaged_library path="libs/mscommonlib-1.0.0.js" version="1.2.1" /></library><code path="KbSearchControl.js" order="2" /><resx path="strings/KbSearchControl.1033.resx" version="1.0.0" /></resources></control></manifest>