<manifest><control namespace="MscrmControls.Slider" constructor="LinearSliderControl" version="1.0.3" display-name-key="CC_LinearSlider_Name" description-key="CC_NumericInterval_Desc" preview-image="img/preview.png"><modes><read /><edit /></modes><type-group name="numbers"><type>Whole.None</type><type>Currency</type><type>FP</type><type>Decimal</type></type-group><property name="value" display-name-key="CC_Value" description-key="CC_LinearSlider_Value_Desc" of-type-group="numbers" usage="bound" required="true" hidden="true" /><property name="min" display-name-key="CC_Min" description-key="CC_LinearSlider_Min_Desc" usage="input" of-type-group="numbers" required="true" hidden="false" /><property name="max" display-name-key="CC_Max" description-key="CC_LinearSlider_Max_Desc" usage="input" of-type-group="numbers" required="true" hidden="false" /><property name="step" display-name-key="CC_Step" description-key="CC_Step_Desc" of-type-group="numbers" usage="input" required="true" hidden="false" /><AvailableOn><web classic="disable" /><phone /><tablet /></AvailableOn><resources><library name="jquery" version="&gt;=2" order="1"><packaged_library path="libs/jquery-2.1.1.js" version="2.2.9" /></library><library name="jqm-init" version="&gt;=1" order="2"><packaged_library path="libs/jquerymobile.init.js" version="1.1.8" /></library><library name="jqm-slider" version="&gt;=1.10" order="3"><packaged_library path="libs/jquery.mobile.slider.js" version="1.1.9" /></library><library name="jqm-slider-patch" version="&gt;=2" order="4"><packaged_library path="libs/jquery.mobile.slider.patch.js" version="2.2.2" /></library><library name="mscommon" version="&gt;=1" order="5"><packaged_library path="libs/mscommonlib-1.0.0.js" version="1.2.1" /></library><code path="LinearSliderControl.js" order="6" /><css path="css/jquery.mobile.slider.structure.css" order="7" /><css path="css/jquery.mobile.slider.custom.css" order="8" /><resx path="strings/LinearSliderControl.1033.resx" version="1.0.0" /></resources></control></manifest>