<manifest><control namespace="MscrmControls.AppCommon.DownloadTemplate" constructor="DownloadTemplateControl" version="1.0.0" display-name-key="CC_DownloadTemplateControl" control-type="virtual"><modes></modes><type-group name="all"><type>SingleLine.Text</type></type-group><property name="entity_id" display-name-key="CC_entity_id" description-key="CC_entity_id_Desc" of-type-group="all" usage="input" required="true" hidden="true" /><property name="view_id" display-name-key="CC_view_id" description-key="CC_view_id_Desc" of-type-group="all" usage="input" required="true" hidden="true" /><property name="entityview_fetchxml" display-name-key="CC_entityview_fetchxml" description-key="CC_entityview_fetchxml_Desc" of-type-group="all" usage="input" required="true" hidden="true" /><property name="entityview_layoutxml" display-name-key="CC_entityview_layoutxml" description-key="CC_entityview_layoutxml_Desc" of-type-group="all" usage="input" required="true" hidden="true" /><property name="upload_later" display-name-key="CC_upload_later" description-key="CC_upload_later_Desc" of-type-group="all" usage="bound" required="true" hidden="true" /><property name="templateType" display-name-key="CC_template_type" description-key="CC_template_type_Desc" of-type-group="all" usage="input" required="true" hidden="true" /><property name="templateInfo" display-name-key="CC_templateInfo" description-key="CC_templateInfo_Desc" of-type-group="all" usage="input" required="true" hidden="true" /><resources><library name="FRECommon" version="&gt;=1" order="1"><packaged_library path="libs/frecommon-lib.js" version="1.0.0" /></library><library name="FREShell" version="&gt;=1" order="2"><packaged_library path="libs/FREShell.js" version="1.0.0" /></library><css path="css/DownloadTemplateControl.css" order="3" /><code path="DownloadTemplateControl.js" order="4" /><resx path="locale/downloadtemplate.1033.resx" version="1.0.0" /></resources></control></manifest>