<manifest><control namespace="MscrmControls.EmailEngagement" constructor="EmailView" display-name-key="CC_EmailEngagement_RecipientActivity" version="1.0.25"><modes><read /></modes><property name="entityId" display-name-key="CC_EntityId_Value" description-key="CC_EntityId_desc" of-type="SingleLine.Text" usage="input" required="false" hidden="true" /><property name="TimelineBehavior" display-name-key="CC_TimelineBehavior_Value" description-key="CC_TimelineBehavior_Desc" usage="input" of-type="Enum" required="false" hidden="false"><value name="None" display-name-key="CC_TimelineBehavior_Collapsed_Value" description-key="CC_TimelineBehavior_Collapsed_Desc">None</value><value name="Collapsed" display-name-key="CC_TimelineBehavior_Collapsed_Value" description-key="CC_TimelineBehavior_Collapsed_Desc">Collapsed</value><value name="Expanded" display-name-key="CC_TimelineBehavior_Expanded_Value" description-key="CC_TimelineBehavior_Expanded_Desc">Expanded</value></property><resources><library name="jquery" version="&gt;=2" order="1"><packaged_library path="libs/jquery-2.1.1.js" version="2.1.1" /></library><library name="mscommon" version="&gt;=1" order="1"><packaged_library path="libs/mscommonlib-1.0.0.js" version="1.2.1" /></library><css path="css/EmailEngagement.css" order="2" /><code path="EmailEngagement.js" order="2" /><resx path="strings/EmailEngagement.1033.resx" version="1.0.0" /></resources></control></manifest>