<manifest><control namespace="MscrmControls.MailApp" constructor="MailAppRecipientsTabControl" version="1.0.0" display-name-key="CC_MailApp_Recipients_Tab_Control" control-type="virtual"><modes></modes><property name="selectedCrmRecord" display-name-key="CC_MailApp_Selected_value" description-key="CC_MailApp_Selected_desc" of-type="SingleLine.Text" usage="output" required="false" hidden="true" /><property name="selectedUnresolvedRecord" display-name-key="CC_MailApp_Selected_value" description-key="CC_MailApp_Selected_desc" of-type="SingleLine.Text" usage="output" required="false" hidden="true" /><resources><code path="MailAppRecipientsTabControl.js" order="1" /><resx path="strings/MailAppRecipientsTabControl.1033.resx" version="1.0.0" /></resources></control></manifest>