<manifest><control namespace="MscrmControls.NumberInput" constructor="NumberInputControl" version="1.0.2" display-name-key="CC_NumberInput_Name" description-key="CC_NumberInput_Desc" preview-image="img/preview.png"><modes><read /><edit /></modes><type-group name="numbers"><type>Whole.None</type><type>Currency</type><type>FP</type><type>Decimal</type></type-group><property name="value" display-name-key="CC_Field" description-key="CC_Field_Desc" of-type-group="numbers" usage="bound" required="true" hidden="true" /><property name="step" display-name-key="CC_Step" description-key="CC_NumberInput_Step_Desc" of-type-group="numbers" usage="input" required="true" hidden="false" /><AvailableOn><web classic="disable" /><phone /><tablet /></AvailableOn><resources><library name="jquery" version="&gt;=2" order="1"><packaged_library path="libs/jquery-2.1.1.js" version="2.1.1" /></library><library name="wijmo" version="&gt;=5" order="2"><packaged_library path="libs/wijmo.js" version="5.20172.328" /></library><library name="wijmo-input" version="&gt;=5" order="3"><packaged_library path="libs/wijmo.input.js" version="5.20172.328" /></library><library name="mscommon" version="&gt;=1" order="4"><packaged_library path="libs/mscommonlib-1.0.0.js" version="1.2.1" /></library><code path="NumberInputControl.js" order="5" /><css path="css/wijmo.css" order="6" /><css path="css/wijmo.numberinput.custom.css" order="7" /><resx path="strings/NumberInputControl.1033.resx" version="1.0.0" /></resources></control></manifest>