<manifest><control namespace="MscrmControls.CardFeedContainer" constructor="CardFeedContainer" version="1.2.89" display-name-key="CardFeedContainer" hidden="true"><modes><read /><edit /></modes><data-set name="SubGrid" display-name-key="CC_CardFeed_SubGrid"><property-set name="SubGridParentId" display-name-key="CC_CardFeed_SubGrid_ParentID" description-key="CC_CardFeed_SubGrid_ParentID_Desc" of-type="Lookup.Simple" usage="bound" required="false" /></data-set><property name="EntityTypeCode" display-name-key="CC_EntityTypeCode" description-key="CC_EntityTypeCode" usage="input" of-type="Decimal" required="false" hidden="false" /><property name="Location" display-name-key="Location" of-type="Decimal" usage="input" required="false" hidden="false" /><resources><library name="mscommon" version="&gt;=1" order="1"><packaged_library path="libs/mscommonlib-1.0.0.js" version="1.2.1" /></library><library name="rxlite" version="&gt;=1" order="1"><packaged_library path="libs/rx.lite.js" version="1.0.0" /></library><library name="underscore" version="&gt;=1" order="1"><packaged_library path="libs/underscore-min.js" version="1.0.0" /></library><library name="moment" version="&gt;=1" order="1"><packaged_library path="libs/moment.js" version="1.0.0" /></library><code path="CardFeedContainer.js" order="3" /><css path="css/cardStyle.css" order="2" /><css path="css/CardFeedStyle.css" order="2" /><resx path="strings/CardFeedContainer.1033.resx" version="1.0.1" /></resources></control></manifest>