<manifest><control namespace="MscrmControls.PowerBI" constructor="PowerBIControl" version="1.0.0" display-name-key="CC_PowerBI_Control" control-type="virtual"><modes></modes><resources><library name="jquery" version="&gt;=2" order="1"><packaged_library path="libs/jquery-2.1.1.js" version="2.1.1" /></library><library name="mscommon" version="&gt;=1" order="2"><packaged_library path="libs/mscommonlib-1.0.0.js" version="1.2.1" /></library><code path="PowerBIControl.js" order="3" /><resx path="strings/PowerBIResources.1033.resx" version="1.0.0" /></resources></control></manifest>