<manifest><control namespace="MscrmControls.Containers" constructor="ProcessStageControl" version="1.0.0" display-name-key="CC_Process_Control_Name" control-type="virtual" hidden="true"><modes><read /><edit /></modes><property name="value" required="true" display-name-key="CC_Process_Value" description-key="CC_Process_Value_Desc" usage="bound" of-type="BusinessProcessFlow" /><resources><library name="mscommon" version="&gt;=1" order="1"><packaged_library path="libs/mscommonlib-1.0.0.js" version="1.2.1" /></library><library name="processcontrolmanager" version="&gt;=1" order="2"><packaged_library path="libs/processcontrolmanager-1.0.0.js" version="1.0.0" /></library><code path="ProcessStageControl.js" order="4" /></resources></control></manifest>