<manifest><control namespace="MscrmControls.FieldControls" constructor="SimpleLookupControl" version="1.0.0" control-type="virtual" display-name-key="SimpleLookupControl" hidden="true"><modes><edit /><read /></modes><type-group name="lookups"><type>Lookup.Customer</type><type>Lookup.Owner</type><type>Lookup.PartyList</type><type>Lookup.Regarding</type><type>Lookup.Simple</type></type-group><property name="value" display-name-key="CC_SimpleLookupControl" description-key="CC_SimpleLookupControl_Desc" of-type-group="lookups" usage="bound" required="true" hidden="false" /><property name="deviceSizeMode" display-name-key="CC_Control_Size_Mode" description-key="CC_ControlSizeMode_Desc" usage="input" of-type="Enum" required="false" hidden="false" default-value="0"><value name="Fullmode" display-name-key="CC_ControlSizeMode_Fullmode" description-key="CC_ControlSizeMode_Fullmode_Desc">0</value><value name="Sbreakpoint" display-name-key="CC_ControlSizeMode_Sbreakpoint" description-key="CC_ControlSizeMode_Sbreakpoin_Desc">1</value><value name="Mbreakpoint" display-name-key="CC_ControlSizeMode_Mbreakpoint" description-key="CC_ControlSizeMode_Mbreakpoin_Desc">2</value></property><property name="viewportSizeMode" display-name-key="CC_Viewport_Size_Mode" description-key="CC_ViewportSizeMode_Desc" usage="input" of-type="Enum" required="false" hidden="false" default-value="0"><value name="Fullmode" display-name-key="CC_ViewportSizeMode_Fullmode" description-key="CC_ViewportSizeMode_Fullmode_Desc">0</value><value name="Sbreakpoint" display-name-key="CC_ViewportSizeMode_Sbreakpoint" description-key="CC_ViewportSizeMode_Sbreakpoin_Desc">1</value><value name="Mbreakpoint" display-name-key="CC_ViewportSizeMode_Mbreakpoint" description-key="CC_ViewportSizeMode_Mbreakpoin_Desc">2</value></property><property name="displayMode" display-name-key="CC_Display_Mode" description-key="CC_Display_Mode_Desc" usage="input" of-type="Enum" required="false" hidden="true" default-value="0"><value name="Normal" display-name-key="CC_DisplayMode_Normal" description-key="CC_DisplayMode_Normal_Desc">0</value><value name="Inline" display-name-key="CC_DisplayMode_Inline" description-key="CC_DisplayMode_Inline_Desc">1</value></property><resources><library name="jquery" version="&gt;=2" order="1"><packaged_library path="libs/jquery-2.1.1.js" version="2.1.1" /></library><library name="mscommon" version="&gt;=1" order="2"><packaged_library path="libs/mscommonlib-1.0.0.js" version="1.2.1" /></library><code path="SimpleLookupControl.js" order="3" /><resx path="strings/SimpleLookupControl.1033.resx" version="1.0.0" /></resources></control></manifest>