<manifest><control namespace="MscrmControls.AppCommon.SampleDataManagement" constructor="SampleDataManagementControl" version="1.0.0" display-name-key="CC_AppCommonSMB_SampleDataManagement" control-type="virtual"><modes></modes><resources><library name="jquery" version="&gt;=2" order="1"><packaged_library path="libs/jquery-2.1.1.js" version="2.1.1" /></library><library name="FRECommon" version="&gt;=1" order="2"><packaged_library path="libs/frecommon-lib.js" version="1.0.0" /></library><library name="FREShell" version="&gt;=1" order="3"><packaged_library path="libs/FREShell.js" version="1.0.0" /></library><css path="css/SampleDataManagement.css" order="22" /><code path="SampleDataManagement.js" order="51" /><resx path="locale/sampledata.1033.resx" version="1.0.0" /></resources></control></manifest>