<manifest><control namespace="MscrmControls.FieldControls" constructor="FileUploaderControl" version="1.0.2" display-name-key="CC_File_Uploader_Control" control-type="virtual" hidden="true"><modes></modes><property name="value" display-name-key="FileUploaderControl_value" description-key="FileUploaderControl_value_desc" of-type="Multiple" usage="bound" required="true" hidden="true" /><property name="filename" display-name-key="FileUploaderControl_name" description-key="FileUploaderControl_name_desc" of-type="Multiple" usage="bound" required="false" hidden="true" /><property name="size" display-name-key="FileUploaderControl_size" description-key="FileUploaderControl_size_desc" of-type="Whole.None" usage="bound" required="true" hidden="true" /><property name="ImportFileType" display-name-key="FileUploaderControl_importfiletype" description-key="FileUploaderControl_importfiletype_desc" usage="input" of-type="Whole.None" required="true" hidden="false" /><AvailableOn><web classic="enable" /><phone /><tablet /></AvailableOn><resources><library name="mscommon" version="&gt;=1" order="1"><packaged_library path="libs/mscommonlib-1.0.0.js" version="1.2.1" /></library><code path="FileUploaderControl.js" order="2" /><resx path="strings/FileUploaderControl.1033.resx" version="1.0.0" /></resources></control></manifest>