<manifest><control namespace="MscrmControls.InputMask" constructor="InputMaskControl" version="1.0.2" display-name-key="CC_InputMask_Name" description-key="CC_InputMask_Desc" preview-image="img/preview.png"><modes><read /><edit /></modes><type-group name="strings"><type>SingleLine.Email</type><type>SingleLine.Text</type><type>SingleLine.TextArea</type><type>SingleLine.URL</type><type>SingleLine.Ticker</type><type>SingleLine.Phone</type></type-group><property name="value" display-name-key="CC_Field" description-key="CC_Field_Desc" of-type-group="strings" usage="bound" required="true" hidden="true" /><property name="mask" display-name-key="CC_Mask" description-key="CC_Mask_Desc" of-type="SingleLine.Text" usage="input" required="true" hidden="true" /><property name="maskDescription" display-name-key="CC_MaskDescription" description-key="CC_MaskDescription_Desc" of-type="SingleLine.Text" usage="input" required="false" hidden="false" /><AvailableOn><web classic="disable" /><phone /><tablet /></AvailableOn><resources><library name="jquery" version="&gt;=2" order="1"><packaged_library path="libs/jquery-2.1.1.js" version="2.1.1" /></library><library name="wijmo" version="&gt;=5" order="2"><packaged_library path="libs/wijmo.js" version="5.20172.328" /></library><library name="wijmo-input" version="&gt;=5" order="3"><packaged_library path="libs/wijmo.input.js" version="5.20172.328" /></library><library name="mscommon" version="&gt;=1" order="4"><packaged_library path="libs/mscommonlib-1.0.0.js" version="1.2.1" /></library><code path="InputMaskControl.js" order="5" /><css path="css/wijmo.css" order="6" /><css path="css/wijmo.inputmask.custom.css" order="7" /><resx path="strings/InputMaskControl.1033.resx" version="1.0.0" /></resources></control></manifest>