<manifest><control namespace="MscrmControls.FieldControls" constructor="WholeNumberControl" version="1.0.1" display-name-key="Whole Number Control" hidden="true" control-type="virtual"><modes></modes><property name="value" display-name-key="CC_WholeNumberControl" description-key="CC_WholeNumberControl_desc" of-type="Whole.None" usage="bound" required="true" hidden="true" /><resources><library name="msvcontrol" version="&gt;=1" order="1"><packaged_library path="libs/msvcontrollib-1.0.0.js" version="1.0.0" /></library><code path="WholeNumberControl.js" order="2" /></resources></control></manifest>