<manifest><control namespace="MscrmControls.FieldControls" constructor="SubjectTreeControl" version="1.0.0" display-name-key="SubjectTreeControl" control-type="virtual" hidden="true"><modes><edit /><read /></modes><type-group name="lookups"><type>Lookup.Simple</type></type-group><property name="value" display-name-key="CC_SubjectTree" description-key="CC_SubjectTree_Desc" of-type-group="lookups" usage="bound" required="true" hidden="false" /><resources><library name="msvcontrol" version="&gt;=1" order="1"><packaged_library path="libs/msvcontrollib-1.0.0.js" version="1.0.0" /></library><code path="SubjectTreeControl.js" order="2" /></resources></control></manifest>