<manifest><control namespace="MscrmControls.MailApp" constructor="MailAppTrackBarControl" version="1.0.0" display-name-key="CC_MailAppTrackBarControl_Name" control-type="virtual"><modes></modes><property name="regardingObject" display-name-key="CC_MailApp_RegardingObject_value" description-key="CC_MailApp_RegardingObject_desc" of-type="SingleLine.Text" usage="output" required="false" hidden="true" /><resources><code path="MailAppTrackBarControl.js" order="1" /><resx path="strings/MailAppTrackBarControl.1033.resx" version="1.0.0" /></resources></control></manifest>