<manifest><control namespace="MscrmControls.AppCommon.BPF" constructor="BPFControl" version="1.0.0" display-name-key="CC_AppCommon_BPFControl" control-type="virtual"><modes></modes><resources><library name="FREShell" version="&gt;=1" order="1"><packaged_library path="libs/FREShell.js" version="1.0.0" /></library><library name="jquery" version="&gt;=2" order="2"><packaged_library path="libs/jquery-2.1.1.js" version="2.1.1" /></library><library name="mscommon" version="&gt;=1" order="3"><packaged_library path="libs/mscommonlib-1.0.0.js" version="1.0.0" /></library><library name="FRECommon" version="&gt;=1" order="4"><packaged_library path="libs/frecommon-lib.js" version="1.0.0" /></library><library name="smbappmoduleappconfig" version="&gt;=1" order="5"><packaged_library path="libs/smbappmoduleappconfig-lib.js" version="1.0.0" /></library><code path="BPFControl.js" order="6" /><css path="css/BPF.css" order="7" /><resx path="locale/bpf.1033.resx" version="1.0.0" /></resources></control></manifest>