<manifest><control namespace="MscrmControls.Containers" constructor="FieldSectionItem" version="1.0.3" display-name-key="EditableSection" control-type="virtual" hidden="true"><modes><container /></modes><type-group name="all"><type>TwoOptions</type><type>DateAndTime.DateOnly</type><type>DateAndTime.DateAndTime</type><type>FP</type><type>Decimal</type><type>Whole.None</type><type>Whole.Duration</type><type>Whole.TimeZone</type><type>Whole.Language</type><type>Lookup.Simple</type><type>Lookup.Customer</type><type>Lookup.Owner</type><type>Lookup.PartyList</type><type>Lookup.Regarding</type><type>Multiple</type><type>Currency</type><type>OptionSet</type><type>SingleLine.Text</type><type>SingleLine.TextArea</type><type>SingleLine.Email</type><type>SingleLine.URL</type><type>SingleLine.Ticker</type><type>SingleLine.Phone</type></type-group><property name="value" display-name-key="Value" of-type-group="all" usage="bound" required="true" hidden="false"><doc description-key="CC_Mock_Value" /></property><property name="syncError" display-name-key="ValueSpecification" of-type="TwoOptions" usage="input" required="false" hidden="true" /><property name="valueSpecification" display-name-key="ValueSpecification" of-type="SingleLine.Text" usage="input" required="false" hidden="true" /><property name="scope" display-name-key="CC_ControlScope" of-type="Whole.None" usage="input" required="false" hidden="true" /><property name="controlMode" display-name-key="CC_Control_Mode" description-key="CC_ControlMode_Desc" usage="input" of-type="Enum" required="false" hidden="false" default-value="2"><value name="read" display-name-key="CC_ControlMode_Read" description-key="CC_ControlMode_Read_Desc">0</value><value name="edit" display-name-key="CC_ControlMode_Edit" description-key="CC_ControlMode_Edit_Desc">1</value><value name="both" display-name-key="CC_ControlMode_Both" description-key="CC_ControlMode_Both_Desc">2</value></property><property name="deviceSizeMode" display-name-key="CC_Control_Size_Mode" description-key="CC_ControlSizeMode_Desc" usage="input" of-type="Enum" required="false" hidden="false" default-value="0"><value name="Fullmode" display-name-key="CC_ControlSizeMode_Fullmode" description-key="CC_ControlSizeMode_Fullmode_Desc">0</value><value name="Sbreakpoint" display-name-key="CC_ControlSizeMode_Sbreakpoint" description-key="CC_ControlSizeMode_Sbreakpoin_Desc">1</value><value name="Mbreakpoint" display-name-key="CC_ControlSizeMode_Mbreakpoint" description-key="CC_ControlSizeMode_Mbreakpoin_Desc">2</value></property><property name="viewportSizeMode" display-name-key="CC_Viewport_Size_Mode" description-key="CC_ViewportSizeMode_Desc" usage="input" of-type="Enum" required="false" hidden="false" default-value="0"><value name="Fullmode" display-name-key="CC_ViewportSizeMode_Fullmode" description-key="CC_ViewportSizeMode_Fullmode_Desc">0</value><value name="Sbreakpoint" display-name-key="CC_ViewportSizeMode_Sbreakpoint" description-key="CC_ViewportSizeMode_Sbreakpoin_Desc">1</value><value name="Mbreakpoint" display-name-key="CC_ViewportSizeMode_Mbreakpoint" description-key="CC_ViewportSizeMode_Mbreakpoin_Desc">2</value></property><property name="displayMode" display-name-key="CC_Display_Mode" description-key="CC_Display_Mode_Desc" usage="input" of-type="Enum" required="false" hidden="true" default-value="0"><value name="Normal" display-name-key="CC_DisplayMode_Normal" description-key="CC_DisplayMode_Normal_Desc">0</value><value name="Card" display-name-key="CC_DisplayMode_Card" description-key="CC_DisplayMode_Card_Desc">1</value><value name="BusinessProcessFlow" display-name-key="BusinessProcessFlow" description-key="BusinessProcessFlow">2</value></property><property name="labelMode" display-name-key="CC_Label_Mode" description-key="CC_Label_Mode_Desc" usage="input" of-type="Enum" required="false" hidden="true" default-value="0"><value name="Text" display-name-key="CC_LabelMode_Text" description-key="CC_LabelMode_Text_Desc">0</value><value name="Icon" display-name-key="CC_LabelMode_Icon" description-key="CC_LabelMode_Icon_Desc">1</value></property><property name="businessProcessFlowRequired" display-name-key="ValueSpecification" of-type="TwoOptions" usage="input" required="false" hidden="true" /><property name="twoOptionRenderParam" display-name-key="CheckboxControl_twoOptionRenderParam" of-type="SingleLine.Text" usage="input" required="false" hidden="true" /><property name="showStageGatingError" display-name-key="ValueSpecification" of-type="TwoOptions" usage="input" required="false" hidden="true" /><resources><library name="mscommon" version="&gt;=1" order="1"><packaged_library path="libs/mscommonlib-1.0.0.js" version="1.2.1" /></library><code path="FieldSectionItem.js" order="2" /><resx path="strings/FieldSectionItem.1033.resx" version="1.0.0" /></resources></control></manifest>