<manifest><control namespace="MscrmControls.CarouselControl" constructor="GenericCarouselControl" version="1.0.0" display-name-key="GenericCarouselControl"><modes></modes><property name="CarouselItems" display-name-key="CC_GenericCarousel_CarouselItems" description-key="CC_GenericCarousel_CarouselItems_Desc" usage="input" of-type="CarouselItems" required="true" hidden="true" /><resources><library name="jquery" version="&gt;=2" order="1"><packaged_library path="libs/jquery-2.1.1.js" version="2.1.1" /></library><library name="_slick" version="&gt;=1" order="1"><packaged_library path="libs/_slick.min.js" version="1.5.9" /></library><code path="GenericCarouselControl.js" order="1" /><css path="css/slick.css" order="1" /><css path="css/slick-theme.css" order="1" /></resources></control></manifest>