<manifest><control namespace="MscrmControls.FieldControls" constructor="PicklistStatusControl" version="1.0.0" display-name-key="CC_PicklistStatus_Name" control-type="virtual" hidden="true"><modes></modes><property name="value" display-name-key="CC_PicklistStatus_value" description-key="CC_PicklistStatus_value_desc" of-type="OptionSet" usage="bound" required="true" hidden="true" /><resources><library name="msvcontrol" version="&gt;=1" order="1"><packaged_library path="libs/msvcontrollib-1.0.0.js" version="1.0.0" /></library><code path="PicklistStatusControl.js" order="2" /><resx path="strings/PicklistStatusControl.1033.resx" version="1.0.0" /></resources></control></manifest>