<manifest><control namespace="MscrmControls.Containers" constructor="ClientContextGridControl" version="1.0.0" display-name-key="CC_ClientContext_GridControl_Name" control-type="virtual" hidden="true"><modes></modes><property name="SelectedRecordId" display-name-key="CC_SelectedRecordId" description-key="CC_SelectedRecordId_desc" usage="bound" of-type="SingleLine.Text" required="true" hidden="true" /><property name="EntityLogicalName" display-name-key="CC_EntityLogicalName" description-key="CC_EntityLogicalName_desc" usage="input" of-type="SingleLine.Text" required="true" hidden="false" /><property name="QueryParameters" display-name-key="CC_QueryParameters" description-key="CC_QueryParameters_desc" usage="input" of-type="SingleLine.Text" required="true" hidden="false" /><property name="GridColumns" display-name-key="CC_GridColumns" description-key="CC_GridColumns_desc" usage="input" of-type="SingleLine.Text" required="true" hidden="false" /><data-set name="Grid" display-name-key="CC_Grid"></data-set><resources><library name="mscommon" version="&gt;=1" order="1"><packaged_library path="libs/mscommonlib-1.0.0.js" version="1.2.1" /></library><code path="ClientContextGridControl.js" order="2" /><resx path="strings/ClientContextGridControl.1033.resx" version="1.0.0" /></resources></control></manifest>