<manifest><control namespace="MscrmControls.ImportExport" constructor="ImportLogs" version="1.0.200" display-name-key="ImportLogs" control-type="virtual" hidden="true"><modes></modes><property name="value" display-name-key="CC_value" description-key="CC_value_desc" usage="input" of-type="Decimal" required="false" hidden="false" /><property name="targetentityname" display-name-key="CC_targetentityname" description-key="CC_targetentityname_desc" usage="bound" of-type="SingleLine.Text" required="true" hidden="false" /><resources><library name="jquery" version="&gt;=2" order="1"><packaged_library path="libs/jquery-2.1.1.js" version="2.1.1" /></library><library name="mscommon" version="&gt;=1" order="2"><packaged_library path="libs/mscommonlib-1.0.0.js" version="1.2.1" /></library><code path="ImportLogs.js" order="3" /><resx path="strings/ImportLogs.1033.resx" version="1.0.0" /></resources></control></manifest>