<manifest><control namespace="MscrmControls.UnboundHyperlinkControl" constructor="UnboundHyperlinkControl" version="1.0.0" display-name-key="CC_Unbound_Hyperlink_Control" control-type="virtual" hidden="true"><modes><container /></modes><property name="LinkText" display-name-key="CC_linkText" description-key="CC_linkText_desc" usage="bound" of-type="SingleLine.Text" required="true" hidden="true" /><property name="LinkUrl" display-name-key="CC_linkUrl" description-key="CC_linkUrl_dec" usage="bound" of-type="SingleLine.Text" required="true" hidden="true" /><property name="AccessibilityLabel" display-name-key="CC_accessibilityLabel" description-key="CC_accessibilityLabel_dec" usage="bound" of-type="SingleLine.Text" required="true" hidden="true" /><resources><code path="UnboundHyperlinkControl.js" order="2" /></resources></control></manifest>