<manifest><control namespace="MscrmControls.ImportExport" constructor="ImportMappingControl" version="1.0.0" display-name-key="CC_ImportMappingControl_Name" control-type="virtual" hidden="true"><modes><container /></modes><property name="MapXml" display-name-key="CC_mapXml" description-key="CC_mapXml_desc" usage="bound" of-type="SingleLine.Text" required="true" hidden="true" /><property name="ImportFileName" display-name-key="CC_importFileName" description-key="CC_importFileName_desc" usage="input" of-type="SingleLine.Text" required="true" hidden="false" /><property name="ImportFileType" display-name-key="CC_importFileType" description-key="CC_importFileType_desc" usage="input" of-type="Whole.None" required="true" hidden="false" /><property name="ImportFileSize" display-name-key="CC_importFileSize" description-key="CC_importFileSize_desc" usage="input" of-type="SingleLine.Text" required="true" hidden="false" /><property name="ImportId" display-name-key="CC_importid" description-key="CC_ImportId_desc" usage="input" of-type="SingleLine.Text" required="true" hidden="false" /><property name="ImportFileId" display-name-key="CC_importfileid" description-key="CC_ImportFileId_desc" usage="input" of-type="SingleLine.Text" required="true" hidden="false" /><property name="ImportMapName" display-name-key="CC_importMapName" description-key="CC_importMapName_desc" usage="bound" of-type="SingleLine.Text" hidden="false" /><property name="EntityLogicalName" display-name-key="CC_entityLogicalName" description-key="CC_entityLogicalName_desc" usage="bound" of-type="SingleLine.Text" hidden="false" /><property name="IsMandatoryFieldValid" display-name-key="CC_isMandatoryFieldValid" description-key="CC_isMandatoryFieldValid_desc" usage="bound" of-type="SingleLine.Text" hidden="false" /><property name="EntityKeyAttributes" display-name-key="CC_entityKeyAttributes" description-key="CC_entityKeyAttributes_desc" usage="input" of-type="SingleLine.Text" required="true" hidden="false" /><resources><library name="mscommon" version="&gt;=1" order="1"><packaged_library path="libs/mscommonlib-1.0.0.js" version="1.2.1" /></library><code path="ImportMapping.js" order="8" /><resx path="strings/ImportMapping.1033.resx" version="1.0.0" /></resources></control></manifest>