<manifest><control namespace="MscrmControls.ManageDuplicates" constructor="ManageDuplicatesGridControl" version="1.0.0" display-name-key="CC_Manage_Duplicates_GridControl_Name" control-type="virtual" hidden="true"><modes></modes><property name="EntityRecord" display-name-key="CC_entityRecord" description-key="CC_entityRecord_desc" usage="bound" of-type="SingleLine.Text" required="true" hidden="true" /><resources><library name="mscommon" version="&gt;=1" order="1"><packaged_library path="libs/mscommonlib-1.0.0.js" version="1.2.1" /></library><code path="ManageDuplicatesGridControl.js" order="2" /><resx path="strings/ManageDuplicatesGridControl.1033.resx" version="1.0.0" /></resources></control></manifest>