<manifest><control namespace="MscrmControls.FieldControls" constructor="DurationControl" version="1.0.0" display-name-key="Duration Control" control-type="virtual" hidden="true"><modes></modes><property name="value" display-name-key="CC_DurationControl" description-key="CC_DurationControl_desc" of-type="Whole.Duration" usage="bound" required="true" hidden="false" /><resources><library name="mscommon" version="&gt;=1" order="1"><packaged_library path="libs/mscommonlib-1.0.0.js" version="1.2.1" /></library><code path="DurationControl.js" order="2" /><resx path="strings/DurationControl.resx" version="1.0.0" /></resources></control></manifest>