<manifest><control namespace="MscrmControls.FlipSwitch" constructor="FlipSwitchControl" version="1.0.1" display-name-key="CC_FlipSwitch_Name" description-key="CC_FlipSwitch_Desc" preview-image="img/preview.png"><modes><read /><edit /></modes><property name="value" display-name-key="CC_Field" description-key="CC_Field_Desc" of-type="TwoOptions" usage="bound" required="true" hidden="true" /><AvailableOn><web classic="enable" /><phone /><tablet /></AvailableOn><resources><library name="jquery" version="&gt;=2" order="1"><packaged_library path="libs/jquery-2.1.1.js" version="2.1.1" /></library><library name="jqm-init" version="&gt;=1" order="2"><packaged_library path="libs/jquerymobile.init.js" version="1.0.0" /></library><library name="jqm-flipswitch" version="&gt;=1.4" order="3"><packaged_library path="libs/jquery.mobile.flipswitch.js" version="1.4.2" /></library><library name="jqm-flipswitch-patch" version="&gt;=1.4" order="4"><packaged_library path="libs/jquery.mobile.flipswitch.patch.js" version="1.4.2" /></library><library name="mscommon" version="&gt;=1" order="5"><packaged_library path="libs/mscommonlib-1.0.0.js" version="1.2.1" /></library><code path="FlipSwitchControl.js" order="6" /><css path="css/jquery.mobile.flipswitch.css" order="7" /></resources></control></manifest>