<manifest><control namespace="MscrmControls.AppCommon.ClickToCallSetup" constructor="AdvancedClickToCallSetup" version="1.0.0" display-name-key="CC_AppCommon_ClickToCall_Setup" control-type="virtual"><modes /><resources><library name="jquery" version="&gt;=2" order="1"><packaged_library path="libs/jquery-2.1.1.js" version="2.1.1" /></library><library name="FREShell" version="&gt;=1" order="2"><packaged_library path="libs/FREShell.js" version="1.0.0" /></library><code path="ClickToCall.js" order="11" /><css path="css/ClickToCallSetup.css" order="12" /><resx path="locale/clicktocall.1033.resx" version="1.0.0" /></resources></control></manifest>