<manifest><control namespace="MscrmControls.Appcommon.EmailConsentDialog" constructor="EmailConsentDialogControl" version="1.0.0" display-name-key="CC_AppCommon_EmailConsentDialogControl" control-type="virtual"><modes></modes><type-group name="all"><type>SingleLine.Text</type></type-group><property name="header_label" display-name-key="CC_header_label" description-key="Header Label for EmailConsentDialog" of-type-group="all" usage="input" required="true" hidden="true" /><property name="ok_button_label" display-name-key="CC_ok_button_label" description-key="OK button label for EmailConsentDialog" of-type-group="all" usage="input" required="true" hidden="true" /><property name="cancel_button_label" display-name-key="CC_cancel_button_label" description-key="Cancel Button label EmailConsentDialog" of-type-group="all" usage="input" required="true" hidden="true" /><property name="html_page_url" display-name-key="CC_html_page_url" description-key="HTML resource URL for EmailConsentDialog" of-type-group="all" usage="input" required="true" hidden="true" /><resources><code path="EmailConsentDialogControl.js" order="11" /></resources></control></manifest>