<manifest><control namespace="MscrmControls.FieldControls" constructor="TimerControl" version="1.0.0" display-name-key="CC_Timer_Control" control-type="virtual" hidden="true"><modes><read /></modes><property name="value" display-name-key="TimerControl_value" description-key="TimerControl_value_desc" of-type="Timer" usage="bound" required="true" hidden="true" /><resources><css path="css/TimerIcon.css" order="2" /><resx path="strings/TimerControl.1033.resx" version="1.0.0" /><library name="mscommon" version="&gt;=1" order="3"><packaged_library path="libs/mscommonlib-1.0.0.js" version="1.2.1" /></library><code path="ccTimerControl.js" order="4" /></resources></control></manifest>