<manifest><control namespace="MscrmControls.Chart" constructor="ChartControl" version="1.0.0" display-name-key="CC_ChartControl_Name" description-key="CC_ChartControl_Desc" hidden="true"><modes></modes><data-set name="ChartDataSet" display-name-key="CC_Chart_DSChart"></data-set><property name="Parent" display-name-key="CC_ChartControl_Parent" description-key="Parent" usage="input" of-type="SingleLine.Text" required="false" hidden="true" /><property name="ChartFilterOutput" display-name-key="CC_ChartControl_ChartFilterOutput" description-key="ChartFilterOutput" usage="output" of-type="SingleLine.Text" required="false" hidden="true" /><resources><library name="chart-cc-highcharts" version="&gt;=5" order="1"><packaged_library path="libs/highcharts/highcharts.js" version="5.0.6" /></library><library name="chart-cc-highcharts-more" version="&gt;=3" order="2"><packaged_library path="libs/highcharts/highcharts-more.js" version="5.0.6" /></library><library name="chart-cc-funnel" version="&gt;=5" order="2"><packaged_library path="libs/highcharts/funnel.js" version="5.0.6" /></library><library name="exporting" version="&gt;=5" order="2"><packaged_library path="libs/highcharts/exporting.js" version="5.0.6" /></library><library name="export-csv" version="&gt;=1" order="2"><packaged_library path="libs/highcharts/export-csv.js" version="1.4.6" /></library><library name="Accessibility" version="&gt;=5" order="2"><packaged_library path="libs/highcharts/accessibility.js" version="5.0.6" /></library><code path="ChartControl.js" order="3" /><css path="css/chart.css" order="3" /><resx path="strings/ChartControl.1033.resx" version="1.0.0" /></resources></control></manifest>