<manifest><control namespace="MscrmControls.FieldControls" constructor="TickerSymbolControl" version="1.0.0" display-name-key="CC_TickerSymbol_Name" control-type="virtual" hidden="true"><modes></modes><property name="value" display-name-key="TickerSymbolControl_value" description-key="TickerSymbolControl_value_desc" of-type="SingleLine.Ticker" usage="bound" required="true" hidden="true" /><resources><library name="msvcontrol" version="&gt;=1" order="1"><packaged_library path="libs/msvcontrollib-1.0.0.js" version="1.0.0" /></library><code path="TickerSymbolControl.js" order="2" /><resx path="strings/TickerSymbolControl.1033.resx" version="1.0.0" /></resources></control></manifest>