<manifest><control namespace="MscrmControls.Slider" constructor="LinearRangeSliderControl" version="1.0.11" display-name-key="CC_LinearRangeSlider_Name" hidden="true" description-key="CC_NumericInterval_Desc"><modes></modes><type-group name="numbers"><type>Whole.None</type><type>Currency</type><type>FP</type><type>Decimal</type></type-group><property name="valueMin" display-name-key="CC_Value" description-key="CC_LinearSlider_Value_Desc" of-type-group="numbers" usage="bound" required="true" hidden="true" /><property name="valueMax" display-name-key="CC_Value" description-key="CC_LinearSlider_Value_Desc" of-type-group="numbers" usage="bound" required="true" hidden="true" /><property name="min" display-name-key="CC_Min" description-key="CC_LinearSlider_Min_Desc" usage="input" of-type-group="numbers" required="true" hidden="false" /><property name="max" display-name-key="CC_Max" description-key="CC_LinearSlider_Max_Desc" usage="input" of-type-group="numbers" required="true" hidden="false" /><property name="step" display-name-key="CC_Step" description-key="CC_Step_Desc" of-type-group="numbers" usage="input" required="true" hidden="false" /><resources><library name="nouislider" version="&gt;=2" order="1"><packaged_library path="libs/nouislider.js" version="8.5.1" /></library><code path="LinearRangeSliderControl.js" order="1" /><css path="css/nouislider.css" order="1" /><css path="css/nouislider.pips.css" order="1" /><css path="css/nouislider.tooltips.css" order="1" /></resources></control></manifest>