<manifest><control namespace="MscrmControls.ImportExport" constructor="ImportSettings" version="1.0.0" display-name-key="CC_ImportSettings" control-type="virtual" hidden="true"><modes><container /></modes><property name="DataDelimiter" display-name-key="CC_dataDelimiter" description-key="CC_dataDelimiter_desc" usage="bound" of-type="SingleLine.Text" required="true" hidden="true" /><property name="EntityKey" display-name-key="CC_entityKey" description-key="CC_entityKey_desc" usage="bound" of-type="SingleLine.Text" required="true" hidden="true" /><property name="EntityKeyAttributes" display-name-key="CC_entityKeyAttributes" description-key="CC_entityKeyAttributes_desc" usage="bound" of-type="SingleLine.Text" required="true" hidden="true" /><property name="UpsertMode" display-name-key="CC_upsertMode" description-key="CC_upsertMode_desc" usage="bound" of-type="SingleLine.Text" required="true" hidden="true" /><property name="ImportFileName" display-name-key="CC_importFileName" description-key="CC_importFileName_desc" usage="input" of-type="SingleLine.Text" required="true" hidden="false" /><property name="EntityLogicalName" display-name-key="CC_entityLogicalName" description-key="CC_entityLogicalName_desc" usage="input" of-type="SingleLine.Text" required="true" hidden="false" /><property name="ImportFileType" display-name-key="CC_importFileType" description-key="CC_importFileType_desc" usage="input" of-type="Whole.None" required="true" hidden="false" /><property name="ImportFileSize" display-name-key="CC_importFileSize" description-key="CC_importFileSize_desc" usage="input" of-type="SingleLine.Text" required="true" hidden="false" /><resources><library name="jquery" version="&gt;=2" order="1"><packaged_library path="libs/jquery-2.1.1.js" version="2.1.1" /></library><library name="mscommon" version="&gt;=1" order="2"><packaged_library path="libs/mscommonlib-1.0.0.js" version="1.2.1" /></library><code path="ImportSettings.js" order="3" /><resx path="strings/ImportSettings.1033.resx" version="1.0.0" /></resources></control></manifest>