<manifest><control namespace="MscrmControls.Containers" constructor="QuickForm" version="1.0.0" display-name-key="CC_Quick_Form" control-type="virtual" hidden="true"><modes></modes><property name="value" required="true" display-name-key="CC_Quick_Form_Value" description-key="CC_Quick_Form_Value_Desc" usage="bound" of-type="Form.QuickForm" /><resources><library name="mscommon" version="&gt;=1" order="1"><packaged_library path="libs/mscommonlib-1.0.0.js" version="1.2.1" /></library><code path="QuickForm.js" order="2" /><resx path="strings/QuickForm.1033.resx" version="1.0.0" /></resources></control></manifest>