<manifest><control namespace="MscrmControls.Containers" constructor="MicrosoftFlowsIFrameControl" version="1.0.0" display-name-key="CC_Flows_IFrame_Name" control-type="virtual"><modes /><property name="FlowId" display-name-key="CC_FlowIs" description-key="CC_FlowId_desc" usage="input" of-type="SingleLine.Text" required="true" hidden="true" /><property name="EntityIds" display-name-key="CC_EntityIds" description-key="CC_EntityIds_desc" usage="input" of-type="SingleLine.Text" required="true" hidden="true" /><property name="FlowEnvironmentId" display-name-key="CC_FlowEnvironmentId" description-key="CC_FlowEnvironmentId_desc" usage="input" of-type="SingleLine.Text" required="true" hidden="true" /><property name="OrgUniqueName" display-name-key="CC_OrgUniqueName" description-key="CC_OrgUniqueName_desc" usage="input" of-type="SingleLine.Text" required="true" hidden="true" /><property name="EntityLogicalCollectionName" display-name-key="CC_EntityLogicalCollectionName" description-key="CC_EntityLogicalCollectionName_desc" usage="input" of-type="SingleLine.Text" required="true" hidden="true" /><property name="EntityLogicalName" display-name-key="CC_EntityLogicalName" description-key="CC_EntityLogicalName_desc" usage="input" of-type="SingleLine.Text" required="true" hidden="true" /><property name="Dynamics365AccessToken" display-name-key="CC_Dynamics365AccessToken" description-key="CC_Dynamics365AccessToken_desc" usage="input" of-type="SingleLine.Text" required="false" hidden="true" /><property name="FlowsDestinationURL" display-name-key="CC_FlowsDestinationURL" description-key="CC_FlowsDestinationURL_desc" usage="input" of-type="SingleLine.Text" required="true" hidden="true" /><property name="FlowsFPISiteURL" display-name-key="CC_FlowsFPISiteURL" description-key="CC_FlowsFPISiteURL_desc" usage="input" of-type="SingleLine.Text" required="true" hidden="true" /><property name="FlowsAuthenticationString" display-name-key="CC_FlowsAuthenticationString" description-key="CC_FlowsAuthenticationString_desc" usage="input" of-type="SingleLine.Text" required="true" hidden="true" /><resources><library name="mscommon" version="&gt;=1" order="1"><packaged_library path="libs/mscommonlib-1.0.0.js" version="1.2.1" /></library><code path="MicrosoftFlowsIFrameControl.js" order="2" /></resources></control></manifest>