<manifest><control namespace="MscrmControls.FieldControls" constructor="TextBoxControl" version="1.0.0" display-name-key="CC_TextBox_Control" control-type="virtual" hidden="true"><modes></modes><type-group name="text"><type>SingleLine.Text</type><type>Multiple</type></type-group><property name="value" display-name-key="TextBoxControl_value" description-key="TextBoxControl_value_desc" of-type-group="text" usage="bound" required="true" hidden="true" /><resources><library name="msvcontrol" version="&gt;=1" order="1"><packaged_library path="libs/msvcontrollib-1.0.0.js" version="1.0.0" /></library><code path="TextBoxControl.js" order="2" /></resources></control></manifest>