<manifest><control namespace="MscrmControls.ImportExport" constructor="ExportControl" version="1.0.36" display-name-key="ExportControl" control-type="virtual"><modes></modes><resources><library name="mscommon" version="&gt;=1" order="1"><packaged_library path="libs/mscommonlib-1.0.0.js" version="1.2.1" /></library><code path="ExportControl.js" order="2" /><css path="css/ExportControl.css" order="3" /><resx path="strings/ExportControl.1033.resx" version="1.0.0" /></resources></control></manifest>