<manifest><control namespace="MscrmControls.AppCommon.ExcelWordTemplate" constructor="TemplateSelectionScreen" version="1.0.0" display-name-key="CC_Mock_Name" control-type="virtual"><modes></modes><type-group name="all"><type>SingleLine.Text</type><type>SingleLine.TextArea</type></type-group><property name="templateType" display-name-key="CC_template_type" description-key="CC_template_type_Desc" of-type-group="all" usage="bound" required="true" hidden="true" /><resources><library name="FRECommon" version="&gt;=1" order="1"><packaged_library path="libs/frecommon-lib.js" version="1.0.0" /></library><library name="FREShell" version="&gt;=1" order="2"><packaged_library path="libs/FREShell.js" version="1.0.0" /></library><css path="css/TemplateSelectionScreen.css" order="11" /><code path="TemplateSelectionScreen.js" order="21" /><resx path="locale/templateselection.1033.resx" version="1.0.0" /></resources></control></manifest>