<manifest><control namespace="MscrmControls.AppCommon" constructor="RolesSelector" version="1.0.0" display-name-key="CC_RolesSelector" control-type="virtual"><modes></modes><type-group name="Text"><type>SingleLine.Text</type></type-group><type-group name="Lookups"><type>Lookup.PartyList</type><type>Lookup.Simple</type></type-group><property name="rowsData" display-name-key="CC_rowsData" description-key="CC_rowsData_Desc" of-type-group="Text" usage="bound" required="true" hidden="true" /><property name="columnsDefinition" display-name-key="CC_columnsDefinition" description-key="CC_columnsDefinition_Desc" of-type-group="Text" usage="input" required="true" hidden="true" /><property name="selectedRecords" display-name-key="CC_selectedRecords" description-key="CC_selectedRecords_Desc" of-type-group="Text" usage="input" required="true" hidden="true" /><resources><library name="FREShell" version="&gt;=1" order="1"><packaged_library path="libs/FREShell.js" version="1.0.0" /></library><code path="RolesSelector.js" order="11" /></resources></control></manifest>