<manifest><control namespace="MscrmControls.ImportExport" constructor="ImportControl" version="1.0.0" display-name-key="ImportControl" control-type="virtual"><modes></modes><type-group name="all"><type>SingleLine.Text</type><type>SingleLine.TextArea</type></type-group><resources><library name="jquery" version="&gt;=2" order="1"><packaged_library path="libs/jquery-2.1.1.js" version="2.1.1" /></library><library name="mscommon" version="&gt;=1" order="2"><packaged_library path="libs/mscommonlib-1.0.0.js" version="1.2.1" /></library><code path="ImportControl.js" order="3" /><css path="css/ImportControl.css" order="4" /><resx path="strings/ImportControl.1033.resx" version="1.0.0" /></resources></control></manifest>