<manifest><control namespace="MscrmControls.FieldControls" constructor="EmailAddressControl" version="1.0.0" display-name-key="EmailAddress_Control" control-type="virtual" hidden="true"><modes></modes><property name="value" display-name-key="EmailAddressControl_emailaddressvalue" description-key="EmailAddressControl_emailaddressvalue_desc" of-type="SingleLine.Email" usage="bound" required="true" hidden="true" /><resources><library name="msvcontrol" version="&gt;=1" order="1"><packaged_library path="libs/msvcontrollib-1.0.0.js" version="1.0.0" /></library><code path="EmailAddressControl.js" order="2" /><resx path="strings/EmailAddressControl.1033.resx" version="1.0.0" /></resources></control></manifest>