<manifest><control namespace="MscrmControls.DualListSelection" constructor="DualListSelectionControl" version="1.0.0" display-name-key="CC_DualListSelection_Name" control-type="virtual" hidden="true"><modes></modes><property name="Selection" display-name-key="CC_DualListSelection_Selection" description-key="CC_DualListSelection_Selection_Desc" usage="bound" of-type="SingleLine.Text" required="true" hidden="false" /><groups name="OptionInputType" display-name-key="CC_DualListSelection_OptionInputType" description-key="CC_DualListSelection_OptionInputType_Desc" required="true"><group name="InputJson" display-name-key="CC_DualListSelection_InputJson"><property name="JsonOptions" display-name-key="CC_DualListSelection_JsonOptions" description-key="CC_DualListSelection_JsonOptions_Desc" usage="input" of-type="SingleLine.Text" required="true" hidden="false" /></group><group name="InputOptionSet" display-name-key="CC_DualListSelection_InputOptionSet"><property name="OptionSet" display-name-key="CC_DualListSelection_OptionSet" description-key="CC_DualListSelection_OptionSet_Desc" usage="bound" of-type="OptionSet" required="true" hidden="false" /></group></groups><property name="SelectionOrderBy" display-name-key="CC_DualListSelection_SelectionOrderBy" description-key="CC_DualListSelection_SelectionOrderBy_Desc" usage="input" of-type="Enum" required="true" hidden="false" default-value="0"><value name="OrderBySelection" display-name-key="CC_DualListSelection_OrderBySelection" description-key="CC_DualListSelection_OrderBySelection_Desc">0</value><value name="OrderByID" display-name-key="CC_DualListSelection_OrderByID" description-key="CC_DualListSelection_OrderByID_Desc">1</value><value name="OrderByDisplayName" display-name-key="CC_DualListSelection_OrderByDisplayName" description-key="CC_DualListSelection_OrderByDisplayName_Desc">2</value><value name="OrderByManual" display-name-key="CC_DualListSelection_OrderByManual" description-key="CC_DualListSelection_OrderByManual_Desc">3</value></property><resources><library name="mscommon" version="&gt;=1.2.0" order="1"><packaged_library path="libs/mscommonlib-1.0.0.js" version="1.2.1" /></library><code path="DualListSelectionControl.js" order="2" /><resx path="strings/DualListSelectionControl.1033.resx" version="1.0.0" /></resources></control></manifest>