<manifest><control namespace="MscrmControls.SharePointControls" constructor="BreadcrumbControl" version="1.0.0" display-name-key="CC_Bread_Crumb_Control_Name" control-type="virtual" hidden="true"><modes><read /><edit /></modes><data-set name="SharePointBreadcrumbDataSetControl" display-name-key="CC_SharePoint_Breadcrumb_DataSet"></data-set><property name="gridState" display-name-key="CC_grid_State" description-key="CC_grid_State_Desc" of-type="SingleLine.Text" usage="input" required="true" hidden="true" /><resources><library name="mscommon" version="&gt;=1" order="1"><packaged_library path="libs/mscommonlib-1.0.0.js" version="1.2.1" /></library><code path="SharePointBreadcrumbControl.js" order="2" /><css path="css/Reflow.css" order="3" /><resx path="strings/SharePointBreadcrumbControl.1033.resx" version="1.0.0" /></resources></control></manifest>