<manifest><control namespace="MscrmControls.Account" constructor="AccountControl" version="1.0.0" display-name-key="CC_AccountControl_Name" control-type="virtual" hidden="true"><modes></modes><type-group name="lookups"><type>Lookup.PartyList</type><type>Lookup.Simple</type><type>Lookup.Customer</type></type-group><property name="value" display-name-key="CC_LookupSimple" description-key="CC_LookupSimple_Desc" of-type-group="lookups" usage="bound" required="true" hidden="false" /><resources><code path="AccountControl.js" order="1" /><resx path="strings/AccountControl.1033.resx" version="1.0.0" /></resources></control></manifest>