<manifest><control namespace="MscrmControls.FieldControls" constructor="DateTimeControl" version="1.0.0" display-name-key="CC_DateTimeControl_Name" control-type="virtual" hidden="true"><modes></modes><type-group name="date"><type>DateAndTime.DateOnly</type><type>DateAndTime.DateAndTime</type></type-group><property name="value" display-name-key="DateTimeControl_value" description-key="DateTimeControl_value_desc" of-type-group="date" usage="bound" required="true" hidden="true" /><resources><library name="msvcontrol" version="&gt;=1" order="1"><packaged_library path="libs/msvcontrollib-1.0.0.js" version="1.0.0" /></library><code path="DateTimeControl.js" order="2" /></resources></control></manifest>