<manifest><control namespace="MscrmControls.AppCommon.ExcelWordTemplate" constructor="WordEntitySelectionScreen" version="1.0.0" display-name-key="CC_Mock_Name" control-type="virtual"><modes></modes><type-group name="all"><type>SingleLine.Text</type></type-group><property name="templateInfo" display-name-key="CC_templateInfo" description-key="CC_templateInfo_Desc" of-type-group="all" usage="bound" required="true" hidden="true" /><property name="EntityList" display-name-key="CC_EntityList" description-key="CC_EntityList_Desc" of-type-group="all" usage="input" required="true" hidden="true" /><resources><library name="FRECommon" version="&gt;=1" order="1"><packaged_library path="libs/frecommon-lib.js" version="1.0.0" /></library><library name="FREShell" version="&gt;=1" order="2"><packaged_library path="libs/FREShell.js" version="1.0.0" /></library><code path="WordEntitySelection.js" order="5" /><resx path="locale/wordentity.1033.resx" version="1.0.0" /></resources></control></manifest>