<manifest><control namespace="MscrmControls.AppCommon.EditUser" constructor="EditUserControl" version="1.0.0" display-name-key="CC_AppCommon_EditUserControl" control-type="virtual"><modes></modes><type-group name="all"><type>SingleLine.Text</type></type-group><property name="user_id" display-name-key="CC_userId" description-key="UserId for EditUser Control" of-type-group="all" usage="input" required="true" hidden="true" /><resources><library name="FRECommon" version="&gt;=1" order="1"><packaged_library path="libs/frecommon-lib.js" version="1.0.0" /></library><code path="EditUserControl.js" order="11" /><resx path="locale/edituser.1033.resx" version="1.0.0" /></resources></control></manifest>