<manifest><control namespace="MscrmControls.AppCommon.AppManagement" constructor="ApplicationManagementControl" version="1.0.0" display-name-key="CC_AppCommon_ApplicationManagementControl" control-type="virtual"><modes></modes><resources><library name="jquery" version="&gt;=2" order="1"><packaged_library path="libs/jquery-2.1.1.js" version="2.1.1" /></library><library name="mscommon" version="&gt;=1" order="2"><packaged_library path="libs/mscommonlib-1.0.0.js" version="1.0.0" /></library><library name="FRECommon" version="&gt;=1" order="3"><packaged_library path="libs/frecommon-lib.js" version="1.0.0" /></library><library name="FREShell" version="&gt;=1" order="4"><packaged_library path="libs/FREShell.js" version="1.0.0" /></library><code path="ApplicationManagementControl.js" order="21" /><css path="css/ApplicationManagementControl.css" order="52" /><resx path="locale/applicationmanagementcontrol.1033.resx" version="1.0.0" /></resources></control></manifest>