<manifest><control namespace="MscrmControls.Multimedia" constructor="MultimediaPlayerControl" version="1.0.2" display-name-key="CC_Multimedia_Name" description-key="CC_Multimedia_Desc" preview-image="img/preview.png"><modes><read /><edit /></modes><dependencies><dependency name="MscrmControls.FieldControls.UrlControl" /></dependencies><property name="url" display-name-key="CC_Media_URL" description-key="CC_Media_URL_Desc" of-type="SingleLine.URL" usage="bound" required="true" hidden="true" /><AvailableOn><web classic="disable" /><phone /><tablet /></AvailableOn><resources><library name="jquery" version="&gt;=2" order="1"><packaged_library path="libs/jquery-2.1.1.js" version="2.1.1" /></library><library name="winjsbase" version="&gt;=3" order="2"><packaged_library path="libs/base.js" version="3.0.1" /></library><library name="knockout" version="&gt;=3.2" order="3"><packaged_library path="libs/knockout-3.2.0.js" version="3.2.0" /></library><library name="mscommon" version="&gt;=1" order="4"><packaged_library path="libs/mscommonlib-1.0.0.js" version="1.2.1" /></library><library name="appmagic" version="&gt;=1" order="5"><packaged_library path="libs/appmagiccommonlib-1.0.0.js" version="1.0.0" /></library><library name="azuremediaplayer" version="&gt;=1" order="6"><packaged_library path="libs/amp/azuremediaplayer.min.js" version="1.1.0" /></library><library name="multimediaplayerlib" version="&gt;=1" order="7"><packaged_library path="multimediaplayerlib.js" version="1.0.0" /></library><code path="MultimediaPlayerControl.js" order="8" /><css path="css/playback.css" order="9" /><css path="css/seekBar.css" order="10" /><css path="css/videoPlayback.css" order="11" /><css path="libs/amp/azuremediaplayer.min.css" order="12" /><resx path="strings/MultimediaPlayerControl.1033.resx" version="1.0.0" /></resources></control></manifest>