<manifest><control namespace="MscrmControls.SharepointAssociatedGrid" constructor="SharepointControl" version="1.0.0" display-name-key="SharePointAssociatedGrid_Control" control-type="virtual" hidden="true"><modes><container /></modes><data-set name="Grid" display-name-key="SharePoint_DataSet_Control"><property-set name="SearchKey1" display-name-key="CC_SearchKey1" description-key="CC_SearchKey1" of-type="SingleLine.Text" usage="bound" required="true" /><property-set name="SearchKey2" display-name-key="CC_SearchKey2" description-key="CC_SearchKey2" of-type="SingleLine.Text" usage="bound" required="false" /></data-set><resources><library name="mscommon" version="&gt;=1" order="3"><packaged_library path="libs/mscommonlib-1.0.0.js" version="1.2.1" /></library><code path="SharepointAssociatedGridControl.js" order="1" /><resx path="strings/SharepointAssociatedGridControl.1033.resx" version="1.0.0" /></resources></control></manifest>