<manifest><control namespace="MscrmControls.FieldControls" constructor="TimeZonePickListControl" version="1.0.0" display-name-key="CC_TimeZoneControl_Name" control-type="virtual" hidden="true"><modes></modes><property name="value" display-name-key="TimeZonePickList_value" description-key="TimeZonePickList_value_desc" of-type="Whole.TimeZone" usage="bound" required="true" hidden="true" /><resources><library name="msvcontrol" version="&gt;=1" order="1"><packaged_library path="libs/msvcontrollib-1.0.0.js" version="1.0.0" /></library><code path="TimeZonePickListControl.js" order="2" /><resx path="strings/TimeZonePickList.1033.resx" version="1.0.0" /></resources></control></manifest>