<manifest><control namespace="MscrmControls.Grid" constructor="GridControl" version="1.6.5" display-name-key="CC_Grid_Name" preview-image="img/preview.png"><modes><read /><edit /></modes><data-set name="Grid" display-name-key="CC_Grid_DSGrid" editable="true"></data-set><data-set name="SubGrid" display-name-key="CC_Grid_SubGrid_DS"><property-set name="SubGridParentId" display-name-key="CC_Grid_SubGrid_ParentID" description-key="CC_Grid_SubGrid_ParentID_Desc" of-type="Lookup.Simple" usage="bound" required="false" /></data-set><property name="EnableGroupBy" display-name-key="CC_GroupBy_Column" description-key="CC_Enable_GroupBy_Desc" usage="input" of-type="Enum" required="true" hidden="false"><value name="Yes" display-name-key="CC_Enable_GroupBy" description-key="CC_Enable_GroupBy_Desc" default="true">yes</value><value name="No" display-name-key="CC_Disable_GroupBy" description-key="CC_Disable_GroupBy_Desc">no</value></property><property name="UseDefaultCardFormForList" display-name-key="CC_Grid_UseDefaultCardFormForList" description-key="CC_Grid_UseDefaultCardFormForList_Desc" usage="input" of-type="TwoOptions" required="false" hidden="true" /><property name="EnableItemContextualActions" display-name-key="CC_Grid_EnableItemContextualActions" description-key="CC_Grid_EnableItemContextualActions_Desc" usage="input" of-type="TwoOptions" required="false" hidden="true" /><property name="EnableEditing" display-name-key="CC_Allow_Editing_Grid" description-key="CC_Allow_Editing_Grid_Desc" usage="input" of-type="Enum" required="false" hidden="true"><value name="Yes" display-name-key="CC_Enable_Editing_Grid" description-key="CC_Enable_Editing_Grid_Desc" default="true">yes</value><value name="No" display-name-key="CC_Disable_Editing_Grid" description-key="CC_Disable_Editing_Grid_Desc">no</value></property><property name="ReflowBehavior" display-name-key="CC_ReflowBehavior" description-key="CC_ReflowBehavior_Desc" usage="input" of-type="Enum" required="false" hidden="true"><value name="Reflow" display-name-key="CC_ReflowBehavior_Reflow" description-key="CC_ReflowBehavior_Reflow_Desc">Reflow</value><value name="GridOnly" display-name-key="CC_ReflowBehavior_GridOnly" description-key="CC_ReflowBehavior_GridOnly_Desc" default="true">GridOnly</value><value name="ListOnly" display-name-key="CC_ReflowBehavior_ListOnly" description-key="CC_ReflowBehavior_ListOnly_Desc">ListOnly</value></property><property name="EnableFiltering" display-name-key="CC_Allow_Filtering" description-key="CC_Allow_Filtering_Desc" usage="input" of-type="Enum" required="false" hidden="false"><value name="Yes" display-name-key="CC_Enable_Filtering" description-key="CC_Enable_Filtering_Desc" default="true">yes</value><value name="No" display-name-key="CC_Disable_Filtering" description-key="CC_Disable_Filtering_Desc">no</value></property><resources><library name="knockout" version="&gt;=3.2" order="1"><packaged_library path="libs/knockout-3.2.0.js" version="3.2.0" /></library><library name="mscommon" version="&gt;=1.2.0" order="2"><packaged_library path="libs/mscommonlib-1.0.0.js" version="1.2.1" /></library><library name="wijmo" version="&gt;=5" order="3"><packaged_library path="libs/wijmo/wijmo.min.js" version="5.20172.328" /></library><library name="wijmoInput" version="&gt;=5" order="4"><packaged_library path="libs/wijmo/wijmo.input.min.js" version="5.20172.328" /></library><library name="wijmoGrid" version="&gt;=5" order="5"><packaged_library path="libs/wijmo/wijmo.grid.min.js" version="5.20172.328" /></library><library name="wijmoGridFilter" version="&gt;=5" order="6"><packaged_library path="libs/wijmo/wijmo.grid.filter.min.js" version="5.20172.328" /></library><library name="wijmoKnockout" version="&gt;=5" order="7"><packaged_library path="libs/wijmo/wijmo.knockout.min.js" version="5.20172.328" /></library><library name="jquery" version="&gt;=2" order="8"><packaged_library path="libs/jquery/jquery-2.1.1.js" version="2.1.1" /></library><library name="sol" version="&gt;=1" order="9"><packaged_library path="libs/sol-2.0.0.js" version="2.0.0" /></library><library name="wijmoGridDetail" version="&gt;=5" order="12"><packaged_library path="libs/wijmo/wijmo.grid.detail.min.js" version="5.20172.328" /></library><library name="gridlib" version="&gt;=1.6.5" order="13"><packaged_library path="libs/Mscrm.Grid.js" version="1.6.5" /></library><code path="Grid.js" order="14" /><css path="css/wijmo/wijmo.min.css" order="15" /><css path="css/grid.css" order="16" /><css path="css/searchableOptionList.css" order="17" /><css path="css/WijmoSearchableOptionList.css" order="18" /><resx path="strings/Grid.1033.resx" version="1.0.0" /></resources></control></manifest>