<manifest><control namespace="MscrmControls.TimelineWallControl" constructor="TimelineWall" version="1.0.0" display-name-key="TimelineWall" control-type="virtual" hidden="true"><modes></modes><property name="value" display-name-key="TimelineWall_value" description-key="TimelineWall_value_desc" of-type="TimelineWall" usage="bound" required="true" hidden="true" /><resources><library name="jquery" version="&gt;=2" order="1"><packaged_library path="libs/jquery-2.1.1.js" version="2.1.1" /></library><library name="mscommon" version="&gt;=1" order="1"><packaged_library path="libs/mscommonlib-1.0.0.js" version="1.2.1" /></library><css path="css/style.css" order="1" /><code path="TimeLineWallControl.js" order="2" /><resx path="strings/TimeLineWallControl.1033.resx" version="1.0.0" /></resources></control></manifest>