<manifest><control namespace="MscrmControls.DateRangeControl" constructor="DateRangeFilterControl" version="1.0.1" display-name-key="CC_DateRangeFilterControl" control-type="virtual" hidden="true"><modes></modes><property name="value" required="true" display-name-key="CC_DateRangeControl_Value" description-key="CC_DateRangeControl_Value_Desc" usage="bound" of-type="DateRange" /><property name="DateRangeAttribute" display-name-key="CC_DateRangeControl_DateRangeAttribute" description-key="DateRangeAttribute" usage="input" of-type="SingleLine.Text" required="false" hidden="true" /><property name="DateRangeTimeframe" display-name-key="CC_DateRangeControl_DateRangeTimeframe" description-key="DateRangeTimeframe" usage="input" of-type="SingleLine.Text" required="false" hidden="true" /><property name="CustomTimeFrameStartDate" display-name-key="CC_DateRangeControl_CustomTimeFrameStartDate" description-key="CustomTimeFrameStartDate" usage="input" of-type="SingleLine.Text" required="false" hidden="true" /><property name="CustomTimeFrameEndDate" display-name-key="CC_DateRangeControl_CustomTimeFrameEndDate" description-key="CustomTimeFrameEndDate" usage="input" of-type="SingleLine.Text" required="false" hidden="true" /><property name="DashboardColumns" display-name-key="CC_DateRangeControl_DashboardColumns" description-key="DashboardColumns" usage="input" of-type="Whole.None" required="false" hidden="true" /><property name="DashboardWidth" display-name-key="CC_DateRangeControl_DashboardWidth" description-key="DashboardWidth" usage="input" of-type="Whole.None" required="false" hidden="true" /><property name="DateRangeOutput" display-name-key="CC_DateRangeControl_DateRangeOutput" description-key="DateRangeOutput" usage="output" of-type="SingleLine.Text" required="false" hidden="true" /><property name="TimeFrameOutput" display-name-key="CC_DateRangeControl_TimeFrameOutput" description-key="TimeFrameOutput" usage="output" of-type="SingleLine.Text" required="false" hidden="true" /><resources><code path="DateRangeFilterControl.js" order="1" /><resx path="strings/DateRangeFilterControl.1033.resx" version="1.0.0" /></resources></control></manifest>