<manifest><control namespace="MscrmControls.Signature" constructor="SignatureControl" version="1.0.3" display-name-key="CC_Signature_Name" description-key="CC_Signature_Desc" preview-image="img/preview.png"><modes><read /><edit /></modes><property name="value" display-name-key="CC_Field" description-key="CC_Field_Desc" of-type="Multiple" usage="bound" required="true" hidden="true" /><AvailableOn><web classic="disable" /><phone /><tablet /></AvailableOn><resources><library name="jquery" version="&gt;=2" order="1"><packaged_library path="libs/jquery-2.1.1.js" version="2.1.1" /></library><library name="mscommon" version="&gt;=1" order="2"><packaged_library path="libs/mscommonlib-1.0.0.js" version="1.2.1" /></library><library name="appmagic" version="&gt;=1" order="3"><packaged_library path="libs/appmagiccommonlib-1.0.0.js" version="1.0.0" /></library><code path="Signature.js" order="4" /><css path="css/Ink.css" order="5" /><resx path="strings/Signature.1033.resx" version="1.0.0" /></resources></control></manifest>